sen1,sen2,preference,split
rmn_e761_07b.1-2_502.wav,rmn_e665b_8.1-2_2240.wav,1,Test1
rmn_e512b_12.1-2_57.wav,rmn_e008a_10.1-2_15.wav,0,Test1
rmn_e016a_16.1-2_15.wav,rmn_e761_07b.1-2_449.wav,1,Test1
rmn_e750_01.1-2_97.wav,rmn_e001a_45.1-2_9.wav,1,Test1
rmn_e644a_7.1-2_158.wav,rmn_e670a_5.1-2_232.wav,1,Test1
035-035.1-2_171.wav,rmn_e768_04b.1-2_356.wav,0,Test1
rmn_e510a_3.1-2_180.wav,rmn_e147_004.1-2_270.wav,1,Test1
rmn_e683b_7.1-2_765.wav,rmn_e683b_7.1-2_460.wav,0,Test1
rmn_e007b_165.1-2_534.wav,035-035.1-2_12.wav,0,Test1
rmn_e018c_113.1-2_342.wav,033-062.1-2_62.wav,0,Test1
033-062.1-2_62.wav,rmn_e601b_33.1-2_318.wav,1,Test1
rmn_e004b_96.1-2_6.wav,rmn_e670b_13.1-2_1100.wav,1,Test1
rmn_e021c.1-2_41.wav,rmn_e677a_4.1-2_540.wav,1,Test1
rmn_e694a_3.1-2_112.wav,rmn_e508b_19.1-2_173.wav,0,Test1
rmn_e022c_142.1-2_49.wav,rmn_e454b_9.1-2_659.wav,1,Test1
426-004a.1-2_203.wav,044-027.1-2_40.wav,0,Test1
034-128.1-2_13.wav,rmn_e665b_8.1-2_350.wav,1,Test1
rmn_e193c_28.1-2_28.wav,rmn_e018a_40.1-2_36.wav,0,Test1
rmn_e018a_112.1-2_1171.wav,rmn_e018a_40.1-2_18.wav,0,Test1
rmn_e016b_84.1-2_12.wav,rmn_e020c_135.1-2_105.wav,1,Test1
rmn_e011c_156.1-2_11.wav,rmn_e018a_112.1-2_325.wav,0,Test1
rmn_e019a_40.1-2_64.wav,426-004a.1-2_292.wav,1,Test1
rmn_e649b_1.1-2_733.wav,043-165.1-2_23.wav,0,Test1
rmn_e657a_1.1-2_619.wav,rmn_e026a_55.1-2_22.wav,0,Test1
rmn_e505a_4.1-2_128.wav,rmn_e785_03.1-2_22.wav,0,Test1
154-003.1-2_148.wav,rmn_e001a_4.1-2_33.wav,1,Test1
rmn_e490c_24.1-2_546.wav,rmn_e001b_105.1-2_22.wav,0,Test1
rmn_e723a.1-2_1298.wav,rmn_e352_026b.1-2_286.wav,0,Test1
rmn_e574b_5.1-2_32.wav,rmn_e627a_9.1-2_141.wav,0,Test1
rmn_e513a_4.1-2_318.wav,rmn_e465a_8.1-2_461.wav,0,Test1
rmn_e018c_93.1-2_23.wav,rmn_e456a_5.1-2_1365.wav,1,Test1
rmn_e622a_15.1-2_664.wav,rmn_e476a_7.1-2_535.wav,0,Test1
rmn_e031_087.1-2_40.wav,rmn_e655b_5.1-2_185.wav,0,Test1
rmn_e688a_4.1-2_729.wav,rmn_e783_15.1-2_2.wav,0,Test1
006-040.1-2_13.wav,rmn_e661a_1.1-2_287.wav,1,Test1
rmn_e016a_134.1-2_198.wav,rmn_e522a_2.1-2_1353.wav,1,Test1
rmn_e018c_91.1-2_113.wav,rmn_e016b_103.1-2_26.wav,0,Test1
rmn_e032_127.1-2_29.wav,005-121.1-2_44.wav,0,Test1
rmn_e465a_8.1-2_444.wav,rmn_e017b_76.1-2_19.wav,0,Test1
rmn_e620b_14.1-2_45.wav,rmn_e613a_6.1-2_372.wav,1,Test1
rmn_e007b_165.1-2_489.wav,033-088.1-2_1.wav,0,Test1
rmn_e655b_5.1-2_191.wav,034-128.1-2_13.wav,0,Test1
rmn_e018a_44.1-2_45.wav,rmn_e031_087.1-2_61.wav,0,Test1
rmn_e670a_5.1-2_383.wav,rmn_e016a_16.1-2_15.wav,0,Test1
rmn_e281a_70.1-2_187.wav,rmn_e613a_6.1-2_287.wav,1,Test1
rmn_e726b.1-2_268.wav,rmn_e002b_71.1-2_73.wav,0,Test1
rmn_e264b_5.1-2_1218.wav,033-088.1-2_1.wav,0,Test1
rmn_e593a_i.1-2_15.wav,rmn_e004b_104.1-2_24.wav,1,Test1
rmn_e001a_12.1-2_6.wav,rmn_e505a_4.1-2_128.wav,1,Test1
rmn_e329b_37.1-2_0.wav,007-036.1-2_41.wav,0,Test1
rmn_e001a_35.1-2_31.wav,rmn_e655a_3.1-2_466.wav,1,Test1
rmn_e688a_4.1-2_649.wav,035-035.1-2_12.wav,0,Test1
rmn_e011b_105.1-2_45.wav,034-114.1-2_293.wav,1,Test1
rmn_e298b_32.1-2_850.wav,rmn_e273b_26.1-2_29.wav,1,Test1
rmn_e018a_112.1-2_584.wav,rmn_e761_07b.1-2_395.wav,1,Test1
rmn_e018a_111.1-2_173.wav,rmn_e005b_109.1-2_142.wav,1,Test1
rmn_e001a_17.1-2_11.wav,rmn_e018c_113.1-2_563.wav,1,Test1
rmn_e001b_105.1-2_8.wav,rmn_e643b_13.1-2_540.wav,1,Test1
rmn_e131a_23.1-2_22.wav,rmn_e076a.1-2_369.wav,1,Test1
033-062.1-2_34.wav,rmn_e319b_19.1-2_867.wav,1,Test1
rmn_e138_003.1-2_4.wav,034-114.1-2_260.wav,1,Test1
rmn_e003c_178.1-2_95.wav,rmn_e273a_20.1-2_361.wav,1,Test1
rmn_e643a_9.1-2_1165.wav,rmn_e783_15.1-2_2.wav,0,Test1
rmn_e013a_29.1-2_26.wav,rmn_e484b_2.1-2_1499.wav,1,Test1
rmn_e001b_91.1-2_6.wav,rmn_e103b.1-2_1193.wav,0,Test1
rmn_e480b_10.1-2_24.wav,rmn_e001a_52.1-2_15.wav,0,Test1
034-114.1-2_42.wav,rmn_e751_12.1-2_110.wav,1,Test1
rmn_e665b_8.1-2_1059.wav,rmn_e018c_104.1-2_17.wav,0,Test1
rmn_e797_12.1-2_119.wav,rmn_e683b_7.1-2_511.wav,1,Test1
rmn_e532b_27.1-2_265.wav,rmn_e451b_8.1-2_0.wav,0,Test1
rmn_e019a_45.1-2_68.wav,rmn_e268a_5.1-2_939.wav,1,Test1
rmn_e497a_3.1-2_20.wav,rmn_e018a_112.1-2_565.wav,0,Test1
rmn_e454b_9.1-2_618.wav,rmn_e024a_45.1-2_6.wav,0,Test1
rmn_e016b_88.1-2_25.wav,rmn_e020c_135.1-2_97.wav,1,Test1
rmn_e670b_13.1-2_1154.wav,rmn_e018a_30.1-2_0.wav,0,Test1
rmn_e001b_105.1-2_8.wav,rmn_e648b_4.1-2_1323.wav,1,Test1
rmn_e601b_12.1-2_647.wav,034-114.1-2_289.wav,1,Test1
033-098.1-2_125.wav,034-114.1-2_227.wav,1,Test1
rmn_e018c_91.1-2_146.wav,rmn_e476a_7.1-2_535.wav,0,Test1
033-098.1-2_60.wav,rmn_e002a_37.1-2_53.wav,0,Test1
rmn_e022c_152.1-2_17.wav,rmn_e605a_9.1-2_675.wav,1,Test1
rmn_e503b_15.1-2_93.wav,rmn_e377_07.1-2_48.wav,1,Test1
rmn_e739b.1-2_402.wav,rmn_e599a_11.1-2_147.wav,1,Test1
rmn_e657a_1.1-2_581.wav,rmn_e032_170.1-2_13.wav,0,Test1
rmn_e352_026b.1-2_9.wav,rmn_e026a_55.1-2_69.wav,0,Test1
005-121.1-2_44.wav,884-017a.1-2_60.wav,1,Test1
rmn_e147_004.1-2_147.wav,rmn_e268a_5.1-2_359.wav,0,Test1
rmn_e532a_8.1-2_41.wav,rmn_e789_02.1-2_75.wav,1,Test1
rmn_e017c_130.1-2_15.wav,rmn_e016a_16.1-2_15.wav,0,Test1
rmn_e003c_203.1-2_42.wav,rmn_e670a_5.1-2_19.wav,1,Test1
rmn_e032_011.1-2_39.wav,rmn_e482a_30.1-2_1428.wav,1,Test1
rmn_e491c_26.1-2_63.wav,rmn_e352_026b.1-2_50.wav,0,Test1
rmn_e756_01.1-2_238.wav,rmn_e026a_55.1-2_69.wav,0,Test1
rmn_e176_007.1-2_0.wav,rmn_e577a_8.1-2_275.wav,1,Test1
rmn_e018a_112.1-2_629.wav,rmn_e016a_48.1-2_9.wav,1,Test1
rmn_e018c_113.1-2_336.wav,rmn_e011b_105.1-2_40.wav,0,Test1
rmn_e001b_53.1-2_28.wav,035-035.1-2_164.wav,1,Test1
rmn_e323a_14.1-2_16.wav,rmn_e004b_104.1-2_25.wav,0,Test1
rmn_e739b.1-2_1415.wav,rmn_e213_016.1-2_11.wav,1,Test1
rmn_e688c_18.1-2_600.wav,rmn_e138_003.1-2_4.wav,0,Test1
rmn_e015b_76.1-2_186.wav,rmn_e613a_6.1-2_502.wav,1,Test1
rmn_e016a_134.1-2_198.wav,rmn_e685a_22.1-2_670.wav,1,Test1
rmn_e532b_27.1-2_265.wav,rmn_e673a_2.1-2_14.wav,0,Test1
rmn_e017b_76.1-2_10.wav,rmn_e516b_15.1-2_87.wav,1,Test1
761-007a.1-2_243.wav,rmn_e623a_2.1-2_111.wav,1,Test1
rmn_e649b_1.1-2_798.wav,rmn_e783_15.1-2_2.wav,0,Test1
rmn_e018a_111.1-2_158.wav,rmn_e076a.1-2_98.wav,1,Test1
rmn_e509b_9.1-2_489.wav,rmn_e019a_40.1-2_36.wav,1,Test1
rmn_e001a_12.1-2_72.wav,rmn_e514b_23.1-2_432.wav,1,Test1
rmn_e312b_21.1-2_914.wav,rmn_e670a_5.1-2_232.wav,1,Test1
rmn_e147_004.1-2_270.wav,rmn_e188a_14.1-2_233.wav,0,Test1
rmn_e360_06.1-2_39.wav,rmn_e685b_3.1-2_281.wav,0,Test1
rmn_e666c_11.1-2_674.wav,rmn_e001a_35.1-2_31.wav,0,Test1
rmn_e522b_11.1-2_282.wav,156-018.1-2_52.wav,1,Test1
rmn_e002a_45.1-2_26.wav,rmn_e001a_4.1-2_47.wav,1,Test1
rmn_e359_009.1-2_58.wav,rmn_e666c_11.1-2_425.wav,1,Test1
rmn_e778_17.1-2_76.wav,rmn_e778_05.1-2_75.wav,1,Test1
rmn_e019a_45.1-2_23.wav,158-015.1-2_43.wav,1,Test1
rmn_e517b_6.1-2_670.wav,rmn_e018a_112.1-2_629.wav,0,Test1
rmn_e017b_81.1-2_5.wav,rmn_e646b.1-2_195.wav,1,Test1
rmn_e683b_7.1-2_840.wav,033-098.1-2_13.wav,1,Test1
rmn_e017b_76.1-2_16.wav,rmn_e002a_52.1-2_60.wav,1,Test1
rmn_e788_12.1-2_110.wav,rmn_e002a_52.1-2_68.wav,1,Test1
rmn_e001a_12.1-2_17.wav,rmn_e481a_7.1-2_1667.wav,1,Test1
rmn_e005b_109.1-2_13.wav,rmn_e147_006.1-2_60.wav,1,Test1
rmn_e001a_31.1-2_11.wav,rmn_e001a_43.1-2_33.wav,0,Test1
rmn_e103b.1-2_1193.wav,rmn_e581b_11.1-2_126.wav,1,Test1
rmn_e607b_10.1-2_36.wav,rmn_e694a_3.1-2_175.wav,1,Test1
rmn_e214_003.1-2_38.wav,rmn_e147_004.1-2_270.wav,1,Test1
rmn_e490c_24.1-2_733.wav,rmn_e014a_10.1-2_0.wav,0,Test1
rmn_e476a_8.1-2_425.wav,rmn_e643b_13.1-2_481.wav,0,Test1
rmn_e131a_27.1-2_34.wav,rmn_e018a_111.1-2_33.wav,0,Test1
rmn_e024a_97.1-2_56.wav,rmn_e013b_71.1-2_16.wav,0,Test1
rmn_e018a_44.1-2_17.wav,rmn_e797_12.1-2_62.wav,0,Test1
034-114.1-2_75.wav,rmn_e002b_71.1-2_73.wav,0,Test1
rmn_e010b_118.1-2_0.wav,rmn_e018c_113.1-2_242.wav,0,Test1
761-007a.1-2_239.wav,rmn_e016a_16.1-2_15.wav,0,Test1
rmn_e563b_6.1-2_133.wav,033-088.1-2_1.wav,0,Test1
rmn_e147_006.1-2_47.wav,rmn_e661b_2.1-2_315.wav,0,Test1
rmn_e532b_27.1-2_265.wav,rmn_e624a_13.1-2_603.wav,0,Test1
rmn_e011b_131.1-2_21.wav,rmn_e042a_48.1-2_6.wav,1,Test1
034-114.1-2_116.wav,rmn_e001a_37.1-2_26.wav,0,Test1
rmn_e076a.1-2_297.wav,033-062.1-2_62.wav,0,Test1
rmn_e532b_27.1-2_265.wav,rmn_e332b_35.1-2_1105.wav,0,Test1
rmn_e003c_178.1-2_2.wav,rmn_e658c_31.1-2_433.wav,1,Test1
034-114.1-2_178.wav,rmn_e617a_12.1-2_517.wav,1,Test1
rmn_e584a_3.1-2_486.wav,033-062.1-2_31.wav,0,Test1
rmn_e506a_8.1-2_107.wav,rmn_e031_087.1-2_20.wav,0,Test1
rmn_e253a_22.1-2_7.wav,rmn_e018a_40.1-2_18.wav,0,Test1
rmn_e359_009.1-2_58.wav,rmn_e661a_1.1-2_453.wav,1,Test1
rmn_e017a_5.1-2_52.wav,rmn_e484b_13.1-2_281.wav,1,Test1
rmn_e014a_10.1-2_0.wav,rmn_e655b_5.1-2_49.wav,1,Test1
rmn_e268a_5.1-2_939.wav,rmn_e028_50.1-2_11.wav,0,Test1
rmn_e247a_4.1-2_759.wav,rmn_e018a_40.1-2_42.wav,0,Test1
rmn_e001c_153.1-2_171.wav,rmn_e751_12.1-2_102.wav,1,Test1
rmn_e750_01.1-2_80.wav,rmn_e527c_12.1-2_1208.wav,0,Test1
rmn_e746_17a.1-2_57.wav,rmn_e268a_5.1-2_2079.wav,1,Test1
rmn_e476c_14.1-2_1001.wav,009-052.1-2_29.wav,1,Test1
rmn_e137_012.1-2_5.wav,033-029.1-2_18.wav,0,Test1
rmn_e018a_111.1-2_219.wav,rmn_e627a_9.1-2_50.wav,1,Test1
rmn_e147_006.1-2_163.wav,rmn_e063a.1-2_484.wav,0,Test1
rmn_e017b_86.1-2_9.wav,rmn_e655b_3.1-2_2454.wav,1,Test1
rmn_e016b_84.1-2_12.wav,158-015.1-2_10.wav,1,Test1
034-114.1-2_145.wav,rmn_e759_05.1-2_120.wav,1,Test1
rmn_e007a_23.1-2_3.wav,rmn_e746_17a.1-2_156.wav,1,Test1
rmn_e021b_i.1-2_27.wav,034-114.1-2_78.wav,1,Test1
rmn_e637a_3.1-2_862.wav,rmn_e018c_104.1-2_17.wav,0,Test1
009-019.1-2_6.wav,rmn_e032_157.1-2_17.wav,0,Test1
rmn_e484b_13.1-2_98.wav,rmn_e005b_86.1-2_16.wav,0,Test1
004-017.1-2_2.wav,rmn_e018c_93.1-2_2.wav,1,Test1
rmn_e001a_45.1-2_52.wav,rmn_e001a_35.1-2_31.wav,0,Test1
rmn_e377_07.1-2_99.wav,rmn_e527c_12.1-2_651.wav,0,Test1
rmn_e001a_12.1-2_6.wav,rmn_e018c_113.1-2_647.wav,1,Test1
rmn_e571b_8.1-2_210.wav,rmn_e011a_18.1-2_41.wav,0,Test1
034-030.1-2_77.wav,rmn_e024a_97.1-2_56.wav,1,Test1
rmn_e014a_62.1-2_40.wav,rmn_e016a_134.1-2_201.wav,0,Test1
rmn_e003a_97.1-2_26.wav,rmn_e016b_88.1-2_25.wav,0,Test1
rmn_e484c_13.1-2_275.wav,rmn_e613a_6.1-2_372.wav,1,Test1
rmn_e688c_18.1-2_582.wav,rmn_e031_118.1-2_16.wav,0,Test1
rmn_e325b_10.1-2_228.wav,rmn_e273a_20.1-2_571.wav,1,Test1
rmn_e670a_5.1-2_19.wav,rmn_e010c_123.1-2_12.wav,0,Test1
034-030.1-2_92.wav,033-098.1-2_146.wav,1,Test1
rmn_e643a_9.1-2_1188.wav,rmn_e015a_36.1-2_19.wav,0,Test1
rmn_e643a_9.1-2_1202.wav,rmn_e017b_76.1-2_2.wav,0,Test1
rmn_e016b_88.1-2_25.wav,rmn_e002a_52.1-2_197.wav,1,Test1
rmn_e131a_23.1-2_29.wav,rmn_e017a_5.1-2_52.wav,0,Test1
rmn_e010b_121.1-2_27.wav,rmn_e298b_32.1-2_850.wav,0,Test1
rmn_e001a_37.1-2_26.wav,rmn_e491c_23.1-2_187.wav,1,Test1
rmn_e643b_13.1-2_94.wav,rmn_e018c_91.1-2_157.wav,0,Test1
rmn_e652b_17.1-2_237.wav,rmn_e806_06b.1-2_59.wav,1,Test1
rmn_e484b_2.1-2_1193.wav,rmn_e147_006.1-2_60.wav,1,Test1
rmn_e352_026b.1-2_136.wav,rmn_e031_118.1-2_16.wav,0,Test1
rmn_e018a_111.1-2_219.wav,rmn_e655a_3.1-2_1507.wav,1,Test1
rmn_e352_026b.1-2_136.wav,rmn_e613a_6.1-2_372.wav,1,Test1
rmn_e746_17a.1-2_123.wav,rmn_e001a_12.1-2_6.wav,0,Test1
rmn_e617a_12.1-2_965.wav,rmn_e673a_2.1-2_34.wav,0,Test1
rmn_e582a_9.1-2_1363.wav,rmn_e018a_112.1-2_1519.wav,0,Test1
034-114.1-2_42.wav,rmn_e004b_73.1-2_3.wav,1,Test1
rmn_e500c_29.1-2_248.wav,rmn_e192a_5.1-2_8.wav,0,Test1
rmn_e031_112.1-2_7.wav,033-029.1-2_18.wav,0,Test1
rmn_e579a_3.1-2_768.wav,rmn_e138_003.1-2_4.wav,0,Test1
rmn_e626a_6.1-2_102.wav,rmn_e260b_21.1-2_149.wav,1,Test1
rmn_e018a_31.1-2_10.wav,rmn_e352_026b.1-2_44.wav,1,Test1
rmn_e661b_2.1-2_317.wav,033-062.1-2_62.wav,0,Test1
156-018.1-2_51.wav,rmn_e691b_7.1-2_228.wav,0,Test1
034-114.1-2_135.wav,rmn_e704a.1-2_141.wav,0,Test1
rmn_e011b_105.1-2_40.wav,rmn_e011c_156.1-2_11.wav,1,Test1
rmn_e004b_99.1-2_2.wav,rmn_e018a_50.1-2_9.wav,0,Test1
rmn_e018a_112.1-2_389.wav,rmn_e454b_9.1-2_618.wav,1,Test1
rmn_e609a_3.1-2_757.wav,rmn_e031_087.1-2_20.wav,0,Test1
rmn_e601b_33.1-2_171.wav,rmn_e024a_83.1-2_22.wav,1,Test1
rmn_e761_07b.1-2_508.wav,rmn_e802_09.1-2_115.wav,1,Test1
rmn_e154_009.1-2_32.wav,rmn_e018a_107.1-2_41.wav,0,Test1
154-003.1-2_29.wav,rmn_e011a_73.1-2_22.wav,1,Test1
034-114.1-2_234.wav,rmn_e001a_4.1-2_70.wav,0,Test1
rmn_e018a_112.1-2_1519.wav,rmn_e481a_7.1-2_1331.wav,1,Test1
rmn_e018c_104.1-2_17.wav,rmn_e484c_13.1-2_185.wav,1,Test1
rmn_e022c_152.1-2_17.wav,rmn_e004a_23.1-2_112.wav,1,Test1
rmn_e031_005.1-2_145.wav,034-114.1-2_297.wav,1,Test1
rmn_e668b_13.1-2_70.wav,rmn_e016b_88.1-2_5.wav,0,Test1
rmn_e377_07.1-2_99.wav,rmn_e565a_0.1-2_126.wav,0,Test1
rmn_e003a_97.1-2_22.wav,rmn_e147_006.1-2_60.wav,1,Test1
034-114.1-2_286.wav,rmn_e001b_73.1-2_0.wav,0,Test1
rmn_e016a_134.1-2_75.wav,rmn_e004b_104.1-2_25.wav,0,Test1
rmn_e527c_16.1-2_490.wav,rmn_e001a_15.1-2_37.wav,0,Test1
761-007a.1-2_162.wav,rmn_e011b_131.1-2_21.wav,0,Test1
rmn_e217_021.1-2_15.wav,rmn_e004b_38.1-2_28.wav,0,Test1
rmn_e490c_24.1-2_265.wav,761-007a.1-2_243.wav,0,Test1
rmn_e009b_86.1-2_31.wav,rmn_e281a_70.1-2_133.wav,1,Test1
rmn_e024a_38.1-2_33.wav,rmn_e656b_17.1-2_341.wav,1,Test1
rmn_e479b_3.1-2_286.wav,rmn_e015c_153.1-2_95.wav,0,Test1
rmn_e019b_53.1-2_32.wav,rmn_e012c.1-2_417.wav,1,Test1
rmn_e597b_3.1-2_567.wav,rmn_e018a_40.1-2_42.wav,0,Test1
rmn_e599a_11.1-2_105.wav,rmn_e076a.1-2_398.wav,0,Test1
rmn_e001a_45.1-2_9.wav,rmn_e683b_7.1-2_29.wav,0,Test1
rmn_e018a_112.1-2_629.wav,rmn_e018a_112.1-2_1273.wav,1,Test1
rmn_e018a_40.1-2_21.wav,rmn_e685b_3.1-2_475.wav,1,Test1
rmn_e016a_16.1-2_15.wav,rmn_e352_002.1-2_48.wav,1,Test1
034-114.1-2_260.wav,012-003.1-2_63.wav,0,Test1
rmn_e019a_40.1-2_149.wav,033-088.1-2_1.wav,0,Test1
rmn_e806_06b.1-2_25.wav,rmn_e138_003.1-2_4.wav,0,Test1
rmn_e018a_9.1-2_21.wav,rmn_e690b_8.1-2_1379.wav,1,Test1
rmn_e002b_71.1-2_73.wav,033-098.1-2_146.wav,1,Test1
rmn_e014b_77.1-2_0.wav,rmn_e655a_3.1-2_2173.wav,1,Test1
rmn_e004a_10.1-2_180.wav,rmn_e103b.1-2_99.wav,1,Test1
rmn_e484a_2.1-2_323.wav,rmn_e532a_8.1-2_41.wav,0,Test1
rmn_e484c_13.1-2_69.wav,rmn_e504c_15.1-2_1980.wav,0,Test1
rmn_e018a_107.1-2_69.wav,rmn_e571b_8.1-2_120.wav,1,Test1
rmn_e655b_3.1-2_1488.wav,rmn_e016a_134.1-2_198.wav,0,Test1
rmn_e723a.1-2_571.wav,rmn_e001a_15.1-2_6.wav,0,Test1
rmn_e005b_86.1-2_16.wav,rmn_e697b_29.1-2_279.wav,1,Test1
rmn_e002a_28.1-2_74.wav,rmn_e661b_9.1-2_2.wav,0,Test1
rmn_e016a_50.1-2_28.wav,rmn_e500b_25.1-2_68.wav,1,Test1
rmn_e001a_45.1-2_74.wav,rmn_e015b_76.1-2_27.wav,0,Test1
rmn_e260b_21.1-2_149.wav,rmn_e482b_22.1-2_54.wav,0,Test1
rmn_e484b_11.1-2_2.wav,rmn_e599a_11.1-2_105.wav,1,Test1
rmn_e331a_13.1-2_80.wav,154-003.1-2_148.wav,0,Test1
rmn_e704a.1-2_141.wav,rmn_e661b_2.1-2_317.wav,1,Test1
rmn_e661b_9.1-2_386.wav,rmn_e529c_23.1-2_88.wav,0,Test1
rmn_e756_01.1-2_166.wav,rmn_e067b.1-2_207.wav,0,Test1
rmn_e772_11.1-2_241.wav,rmn_e017b_76.1-2_2.wav,0,Test1
rmn_e001a_4.1-2_34.wav,rmn_e484b_13.1-2_652.wav,0,Test1
rmn_e003c_191.1-2_10.wav,rmn_e017b_70.1-2_15.wav,0,Test1
035-035.1-2_171.wav,rmn_e018a_111.1-2_173.wav,0,Test1
rmn_e746_17a.1-2_135.wav,rmn_e677a_4.1-2_556.wav,0,Test1
rmn_e028_50.1-2_11.wav,035-035.1-2_158.wav,1,Test1
rmn_e660a_8.1-2_183.wav,rmn_e601b_33.1-2_171.wav,0,Test1
033-062.1-2_41.wav,rmn_e477c_11.1-2_122.wav,1,Test1
rmn_e352_002.1-2_4.wav,rmn_e660a_8.1-2_140.wav,0,Test1
rmn_e788_12.1-2_291.wav,rmn_e018c_93.1-2_2.wav,1,Test1
rmn_e121c.1-2_315.wav,154-003.1-2_78.wav,1,Test1
033-027.1-2_8.wav,rmn_e352_026b.1-2_204.wav,1,Test1
rmn_e477c_11.1-2_404.wav,rmn_e019a_15.1-2_5.wav,0,Test1
rmn_e683b_7.1-2_863.wav,034-114.1-2_297.wav,1,Test1
rmn_e002a_37.1-2_16.wav,rmn_e683b_7.1-2_592.wav,1,Test1
rmn_e136a_23.1-2_11.wav,rmn_e013a_22.1-2_2.wav,1,Test1
rmn_e012c.1-2_143.wav,033-029.1-2_82.wav,1,Test1
rmn_e147_006.1-2_60.wav,rmn_e302a_11.1-2_3.wav,0,Test1
rmn_e147_006.1-2_32.wav,rmn_e490c_24.1-2_644.wav,1,Test1
rmn_e647a_7.1-2_383.wav,rmn_e018a_111.1-2_219.wav,0,Test1
rmn_e660a_8.1-2_173.wav,017-121.1-2_24.wav,0,Test1
rmn_e661b_9.1-2_83.wav,rmn_e213_016.1-2_133.wav,1,Test1
033-073.1-2_22.wav,rmn_e001b_53.1-2_96.wav,1,Test1
044-027.1-2_20.wav,rmn_e018a_30.1-2_0.wav,0,Test1
rmn_e017b_76.1-2_16.wav,rmn_e018b_62.1-2_156.wav,1,Test1
rmn_e002a_28.1-2_19.wav,rmn_e018c_113.1-2_542.wav,1,Test1
rmn_e584a_3.1-2_46.wav,rmn_e751_12.1-2_261.wav,1,Test1
rmn_e031_087.1-2_36.wav,rmn_e622a_15.1-2_418.wav,0,Test1
rmn_e004b_60.1-2_16.wav,rmn_e681a_2.1-2_645.wav,1,Test1
rmn_e476c_26.1-2_130.wav,rmn_e018a_111.1-2_33.wav,0,Test1
rmn_e661b_9.1-2_386.wav,rmn_e018a_40.1-2_42.wav,0,Test1
035-035.1-2_76.wav,rmn_e031_118.1-2_16.wav,0,Test1
rmn_e004b_104.1-2_25.wav,rmn_e213_016.1-2_21.wav,1,Test1
rmn_e018a_40.1-2_21.wav,rmn_e329b_42.1-2_429.wav,1,Test1
rmn_e067b.1-2_471.wav,rmn_e768_04b.1-2_356.wav,0,Test1
rmn_e138_003.1-2_4.wav,rmn_e003a_14.1-2_8.wav,1,Test1
rmn_e011b_95.1-2_24.wav,rmn_e260b_21.1-2_149.wav,1,Test1
rmn_e020a_15.1-2_71.wav,rmn_e712a.1-2_664.wav,1,Test1
rmn_e287a_3.1-2_14.wav,rmn_e613a_6.1-2_372.wav,1,Test1
rmn_e026a_55.1-2_69.wav,rmn_e661b_9.1-2_434.wav,1,Test1
rmn_e352_026b.1-2_104.wav,rmn_e465a_8.1-2_461.wav,0,Test1
rmn_e024a_5.1-2_1.wav,rmn_e768_22.1-2_230.wav,1,Test1
rmn_e001a_15.1-2_44.wav,rmn_e655b_5.1-2_191.wav,1,Test1
rmn_e018a_112.1-2_1254.wav,rmn_e011b_105.1-2_40.wav,0,Test1
rmn_e649a_1.1-2_1064.wav,rmn_e016a_134.1-2_201.wav,0,Test1
rmn_e532b_20.1-2_29.wav,rmn_e359_009.1-2_58.wav,0,Test1
rmn_e001a_4.1-2_33.wav,036-035.1-2_15.wav,0,Test1
033-062.1-2_34.wav,rmn_e571b_8.1-2_220.wav,1,Test1
rmn_e018a_112.1-2_1519.wav,rmn_e643a_9.1-2_1090.wav,1,Test1
154-003.1-2_148.wav,rmn_e484b_13.1-2_69.wav,1,Test1
rmn_e031_087.1-2_20.wav,rmn_e131a_6.1-2_1.wav,1,Test1
rmn_e658c_31.1-2_398.wav,rmn_e147_006.1-2_47.wav,1,Test1
rmn_e076a.1-2_472.wav,rmn_e352_026b.1-2_332.wav,1,Test1
rmn_e003a_46.1-2_0.wav,rmn_e017b_86.1-2_5.wav,0,Test1
rmn_e005b_109.1-2_142.wav,rmn_e022c_111.1-2_122.wav,0,Test1
rmn_e622a_15.1-2_1396.wav,rmn_e478b_7.1-2_648.wav,1,Test1
rmn_e016a_134.1-2_198.wav,rmn_e003c_178.1-2_131.wav,1,Test1
032-001.1-2_53.wav,rmn_e011b_105.1-2_40.wav,0,Test1
154-003.1-2_75.wav,rmn_e694a_2.1-2_38.wav,0,Test1
033-098.1-2_105.wav,rmn_e655b_5.1-2_185.wav,0,Test1
rmn_e018a_40.1-2_42.wav,rmn_e206_007.1-2_674.wav,1,Test1
rmn_e147_004.1-2_27.wav,rmn_e260b_21.1-2_149.wav,1,Test1
rmn_e001a_34.1-2_59.wav,rmn_e479b_3.1-2_286.wav,1,Test1
rmn_e509a_2.1-2_11.wav,rmn_e147_006.1-2_32.wav,0,Test1
rmn_e359_009.1-2_338.wav,rmn_e481a_7.1-2_1408.wav,0,Test1
rmn_e016a_134.1-2_198.wav,rmn_e076a.1-2_377.wav,1,Test1
rmn_e657a_1.1-2_619.wav,rmn_e643a_9.1-2_1160.wav,0,Test1
rmn_e483b_13.1-2_189.wav,rmn_e014b_114.1-2_164.wav,0,Test1
033-062.1-2_34.wav,rmn_e670b_13.1-2_832.wav,1,Test1
rmn_e752_13.1-2_114.wav,761-007a.1-2_120.wav,1,Test1
rmn_e001a_4.1-2_97.wav,rmn_e103b.1-2_1197.wav,0,Test1
rmn_e476c_14.1-2_693.wav,rmn_e024a_78.1-2_10.wav,0,Test1
rmn_e018a_40.1-2_21.wav,rmn_e352_026b.1-2_2.wav,1,Test1
rmn_e465a_8.1-2_1192.wav,015-080.1-2_2.wav,0,Test1
rmn_e017b_96.1-2_0.wav,rmn_e655b_3.1-2_256.wav,1,Test1
rmn_e017b_86.1-2_5.wav,rmn_e509b_9.1-2_634.wav,1,Test1
rmn_e527c_16.1-2_490.wav,rmn_e778_17.1-2_69.wav,0,Test1
rmn_e516b_15.1-2_526.wav,rmn_e465a_8.1-2_461.wav,0,Test1
rmn_e683b_7.1-2_751.wav,rmn_e013a_22.1-2_2.wav,1,Test1
rmn_e686a_12.1-2_80.wav,rmn_e017b_94.1-2_12.wav,0,Test1
rmn_e009b_86.1-2_7.wav,rmn_e694a_3.1-2_147.wav,1,Test1
rmn_e723a.1-2_153.wav,rmn_e176_007.1-2_0.wav,0,Test1
rmn_e018a_111.1-2_33.wav,rmn_e021c.1-2_374.wav,1,Test1
rmn_e298b_32.1-2_907.wav,rmn_e008a_10.1-2_15.wav,0,Test1
rmn_e613a_6.1-2_372.wav,rmn_e018a_50.1-2_17.wav,0,Test1
rmn_e069b.1-2_74.wav,rmn_e019a_45.1-2_68.wav,0,Test1
rmn_e778_05.1-2_39.wav,rmn_e018a_40.1-2_42.wav,0,Test1
rmn_e001a_15.1-2_1.wav,rmn_e273a_20.1-2_395.wav,1,Test1
rmn_e756_01.1-2_74.wav,033-088.1-2_1.wav,0,Test1
rmn_e698a_8.1-2_14.wav,rmn_e024a_38.1-2_33.wav,0,Test1
rmn_e352_026b.1-2_294.wav,rmn_e540a_7.1-2_176.wav,0,Test1
rmn_e004b_99.1-2_12.wav,rmn_e011a_18.1-2_41.wav,0,Test1
rmn_e785_03.1-2_58.wav,rmn_e018c_93.1-2_5.wav,1,Test1
043-165.1-2_5.wav,rmn_e002a_37.1-2_53.wav,0,Test1
rmn_e516b_15.1-2_1147.wav,rmn_e746_17a.1-2_156.wav,1,Test1
rmn_e359_009.1-2_13.wav,rmn_e018a_54.1-2_14.wav,0,Test1
rmn_e333b_24.1-2_21.wav,rmn_e019a_45.1-2_23.wav,0,Test1
rmn_e013b_73.1-2_17.wav,rmn_e103b.1-2_980.wav,1,Test1
rmn_e778_05.1-2_133.wav,rmn_e352_002.1-2_7.wav,0,Test1
rmn_e352_002.1-2_1.wav,rmn_e005b_131.1-2_31.wav,1,Test1
rmn_e655b_3.1-2_1432.wav,rmn_e019a_45.1-2_23.wav,0,Test1
rmn_e477c_11.1-2_122.wav,rmn_e001b_53.1-2_28.wav,0,Test1
rmn_e004a_10.1-2_180.wav,rmn_e661b_9.1-2_427.wav,1,Test1
rmn_e018a_40.1-2_21.wav,rmn_e001b_53.1-2_96.wav,1,Test1
rmn_e359_009.1-2_58.wav,156-018.1-2_53.wav,1,Test1
rmn_e646b.1-2_232.wav,rmn_e019c_175.1-2_38.wav,0,Test1
rmn_e377_07.1-2_99.wav,rmn_e281a_70.1-2_282.wav,0,Test1
rmn_e131a_6.1-2_65.wav,rmn_e024a_97.1-2_56.wav,1,Test1
rmn_e479c_7.1-2_1174.wav,rmn_e001a_12.1-2_44.wav,0,Test1
rmn_e688c_18.1-2_712.wav,rmn_e016a_16.1-2_15.wav,0,Test1
rmn_e017b_94.1-2_12.wav,rmn_e694a_3.1-2_311.wav,1,Test1
rmn_e024a_38.1-2_33.wav,rmn_e018a_111.1-2_21.wav,1,Test1
015-080.1-2_254.wav,rmn_e750_01.1-2_80.wav,1,Test1
rmn_e010b_121.1-2_27.wav,rmn_e019a_45.1-2_68.wav,0,Test1
rmn_e637a_9.1-2_54.wav,rmn_e697b_29.1-2_194.wav,0,Test1
rmn_e655b_3.1-2_1432.wav,rmn_e147_006.1-2_32.wav,0,Test1
rmn_e528a_19.1-2_305.wav,rmn_e001a_17.1-2_28.wav,0,Test1
rmn_e694a_3.1-2_147.wav,rmn_e018c_93.1-2_23.wav,0,Test1
rmn_e018a_111.1-2_158.wav,rmn_e488b_15.1-2_1214.wav,1,Test1
034-114.1-2_139.wav,154-003.1-2_155.wav,1,Test1
rmn_e004b_38.1-2_9.wav,rmn_e018a_45.1-2_20.wav,1,Test1
rmn_e685b_3.1-2_630.wav,rmn_e352_026b.1-2_332.wav,1,Test1
rmn_e531a_16.1-2_497.wav,rmn_e477c_11.1-2_396.wav,1,Test1
rmn_e665b_3.1-2_1031.wav,761-007a.1-2_243.wav,0,Test1
rmn_e011a_40.1-2_3.wav,rmn_e491a_11.1-2_159.wav,1,Test1
rmn_e011a_40.1-2_3.wav,rmn_e001a_45.1-2_30.wav,1,Test1
rmn_e593a_i.1-2_324.wav,rmn_e454b_9.1-2_618.wav,1,Test1
rmn_e001a_15.1-2_37.wav,rmn_e479b_3.1-2_10.wav,1,Test1
rmn_e019a_37.1-2_5.wav,rmn_e001a_37.1-2_26.wav,0,Test1
rmn_e042a_68.1-2_198.wav,rmn_e019a_45.1-2_34.wav,1,Test1
rmn_e761_07b.1-2_503.wav,rmn_e117a.1-2_1771.wav,1,Test1
rmn_e103b.1-2_749.wav,033-062.1-2_62.wav,0,Test1
rmn_e031_145.1-2_0.wav,rmn_e001a_15.1-2_32.wav,1,Test1
rmn_e005b_131.1-2_48.wav,033-029.1-2_18.wav,0,Test1
rmn_e010b_118.1-2_0.wav,rmn_e451b_8.1-2_0.wav,0,Test1
rmn_e345a_10.1-2_273.wav,rmn_e627a_9.1-2_51.wav,1,Test1
rmn_e001a_4.1-2_79.wav,rmn_e001b_108.1-2_37.wav,0,Test1
rmn_e003c_178.1-2_95.wav,035-035.1-2_150.wav,1,Test1
rmn_e577a_8.1-2_275.wav,rmn_e761_07b.1-2_303.wav,0,Test1
rmn_e493a_10.1-2_208.wav,rmn_e601b_33.1-2_43.wav,0,Test1
rmn_e655a_3.1-2_309.wav,rmn_e018c_113.1-2_448.wav,1,Test1
rmn_e688b_12.1-2_494.wav,rmn_e599a_11.1-2_105.wav,1,Test1
rmn_e778_17.1-2_132.wav,rmn_e260b_21.1-2_149.wav,1,Test1
rmn_e476c_14.1-2_1001.wav,rmn_e030_14.1-2_11.wav,1,Test1
rmn_e001b_105.1-2_8.wav,rmn_e752_13.1-2_81.wav,1,Test1
rmn_e147_004.1-2_147.wav,rmn_e658a_5.1-2_188.wav,0,Test1
rmn_e509b_9.1-2_489.wav,rmn_e789_02.1-2_75.wav,1,Test1
rmn_e018a_40.1-2_42.wav,rmn_e661b_9.1-2_185.wav,1,Test1
rmn_e001a_12.1-2_72.wav,rmn_e685a_22.1-2_670.wav,1,Test1
034-030.1-2_6.wav,rmn_e531a_16.1-2_488.wav,1,Test1
rmn_e018c_93.1-2_13.wav,033-088.1-2_62.wav,0,Test1
rmn_e028_50.1-2_11.wav,rmn_e746_17b.1-2_172.wav,1,Test1
rmn_e018c_113.1-2_322.wav,156-018.1-2_52.wav,1,Test1
rmn_e761_07b.1-2_468.wav,rmn_e260b_21.1-2_149.wav,1,Test1
rmn_e772_11.1-2_467.wav,781-026.1-2_30.wav,0,Test1
rmn_e465a_8.1-2_461.wav,rmn_e214_003.1-2_34.wav,1,Test1
rmn_e131a_23.1-2_10.wav,rmn_e140_010.1-2_47.wav,1,Test1
rmn_e331a_13.1-2_187.wav,rmn_e018a_107.1-2_69.wav,0,Test1
156-018.1-2_51.wav,rmn_e001b_64.1-2_9.wav,0,Test1
rmn_e658a_4.1-2_6.wav,rmn_e352_026b.1-2_345.wav,1,Test1
rmn_e018c_113.1-2_583.wav,rmn_e003c_203.1-2_42.wav,0,Test1
rmn_e655a_3.1-2_754.wav,rmn_e649b_1.1-2_733.wav,1,Test1
rmn_e018a_112.1-2_565.wav,034-114.1-2_38.wav,1,Test1
rmn_e658b_11.1-2_1.wav,rmn_e147_004.1-2_138.wav,0,Test1
034-114.1-2_318.wav,rmn_e516b_15.1-2_1185.wav,0,Test1
rmn_e465b_8.1-2_2196.wav,rmn_e789_06a.1-2_129.wav,0,Test1
033-062.1-2_62.wav,rmn_e516b_15.1-2_1543.wav,1,Test1
rmn_e002a_37.1-2_53.wav,rmn_e018c_113.1-2_335.wav,1,Test1
rmn_e018a_40.1-2_41.wav,rmn_e268a_5.1-2_1852.wav,1,Test1
rmn_e147_004.1-2_386.wav,rmn_e005b_109.1-2_11.wav,0,Test1
rmn_e005b_113.1-2_48.wav,rmn_e002a_37.1-2_53.wav,0,Test1
rmn_e015b_76.1-2_6.wav,rmn_e617a_12.1-2_196.wav,0,Test1
rmn_e015a_36.1-2_19.wav,rmn_e140_027.1-2_18.wav,1,Test1
rmn_e032_166.1-2_0.wav,034-030.1-2_6.wav,0,Test1
rmn_e004b_99.1-2_85.wav,rmn_e031_092.1-2_13.wav,0,Test1
rmn_e751_12.1-2_151.wav,rmn_e004b_104.1-2_25.wav,0,Test1
rmn_e140_029.1-2_15.wav,rmn_e018a_112.1-2_280.wav,0,Test1
rmn_e016b_88.1-2_37.wav,rmn_e024a_97.1-2_56.wav,1,Test1
rmn_e016b_84.1-2_5.wav,034-114.1-2_95.wav,0,Test1
rmn_e018a_111.1-2_226.wav,rmn_e004b_96.1-2_6.wav,0,Test1
761-007a.1-2_130.wav,rmn_e622a_15.1-2_418.wav,0,Test1
rmn_e031_087.1-2_20.wav,rmn_e484a_2.1-2_718.wav,1,Test1
rmn_e015a_74.1-2_132.wav,rmn_e490c_24.1-2_546.wav,1,Test1
rmn_e019a_40.1-2_64.wav,rmn_e273a_20.1-2_395.wav,1,Test1
rmn_e031_087.1-2_20.wav,rmn_e597b_3.1-2_223.wav,1,Test1
rmn_e660a_8.1-2_500.wav,rmn_e528a_19.1-2_383.wav,0,Test1
388-003.1-2_12.wav,rmn_e273a_20.1-2_281.wav,1,Test1
rmn_e018a_50.1-2_9.wav,rmn_e498c_11.1-2_135.wav,1,Test1
034-114.1-2_139.wav,rmn_e756_01.1-2_220.wav,1,Test1
rmn_e247a_4.1-2_743.wav,rmn_e017b_91.1-2_31.wav,0,Test1
rmn_e011b_103.1-2_7.wav,rmn_e778_05.1-2_39.wav,1,Test1
761-007a.1-2_260.wav,rmn_e516b_15.1-2_233.wav,1,Test1
rmn_e273c_51.1-2_96.wav,rmn_e739b.1-2_402.wav,0,Test1
rmn_e504c_15.1-2_1424.wav,rmn_e579a_3.1-2_926.wav,1,Test1
rmn_e694a_3.1-2_180.wav,rmn_e019a_37.1-2_5.wav,1,Test1
rmn_e685a_22.1-2_1591.wav,rmn_e019a_45.1-2_50.wav,0,Test1
rmn_e001a_45.1-2_9.wav,rmn_e063a.1-2_494.wav,0,Test1
035-035.1-2_115.wav,rmn_e661b_9.1-2_316.wav,0,Test1
rmn_e001a_34.1-2_31.wav,rmn_e661b_9.1-2_316.wav,1,Test1
033-088.1-2_1.wav,rmn_e018a_42.1-2_9.wav,1,Test1
034-114.1-2_116.wav,rmn_e042a_68.1-2_198.wav,0,Test1
rmn_e690b_8.1-2_1379.wav,rmn_e018a_112.1-2_1850.wav,0,Test1
033-088.1-2_6.wav,rmn_e017b_70.1-2_15.wav,0,Test1
rmn_e008a_7.1-2_4.wav,rmn_e483b_10.1-2_224.wav,1,Test1
rmn_e593a_i.1-2_31.wav,rmn_e019a_45.1-2_57.wav,0,Test1
rmn_e491c_23.1-2_187.wav,rmn_e018a_30.1-2_0.wav,0,Test1
rmn_e022a_4.1-2_14.wav,rmn_e018c_113.1-2_322.wav,0,Test1
426-004a.1-2_203.wav,rmn_e019a_40.1-2_7.wav,0,Test1
rmn_e652a_11.1-2_90.wav,rmn_e694a_3.1-2_147.wav,1,Test1
rmn_e532a_6.1-2_187.wav,rmn_e018a_112.1-2_565.wav,0,Test1
033-088.1-2_1.wav,rmn_e001a_31.1-2_16.wav,1,Test1
rmn_e001b_105.1-2_8.wav,rmn_e213_016.1-2_133.wav,1,Test1
rmn_e635a_6.1-2_517.wav,388-003.1-2_12.wav,0,Test1
rmn_e006b_153.1-2_8.wav,rmn_e352_026b.1-2_164.wav,1,Test1
rmn_e004b_96.1-2_6.wav,rmn_e723a.1-2_536.wav,1,Test1
rmn_e015a_74.1-2_45.wav,rmn_e683b_7.1-2_741.wav,1,Test1
rmn_e019c_175.1-2_38.wav,rmn_e018a_111.1-2_65.wav,1,Test1
rmn_e801_04b.1-2_123.wav,rmn_e018a_112.1-2_2794.wav,0,Test1
rmn_e648b_4.1-2_1536.wav,rmn_e002b_71.1-2_73.wav,0,Test1
rmn_e001b_53.1-2_38.wav,rmn_e500c_29.1-2_248.wav,1,Test1
rmn_e016a_134.1-2_198.wav,rmn_e655b_5.1-2_16.wav,1,Test1
rmn_e003a_97.1-2_34.wav,rmn_e660a_8.1-2_1348.wav,0,Test1
rmn_e268a_5.1-2_1852.wav,rmn_e001c_153.1-2_322.wav,0,Test1
rmn_e001a_45.1-2_9.wav,rmn_e691a_7.1-2_215.wav,0,Test1
005-121.1-2_32.wav,rmn_e018c_103.1-2_0.wav,0,Test1
034-114.1-2_286.wav,rmn_e504c_15.1-2_1681.wav,0,Test1
rmn_e751_12.1-2_140.wav,154-003.1-2_78.wav,1,Test1
034-114.1-2_304.wav,rmn_e147_006.1-2_32.wav,0,Test1
rmn_e281a_26.1-2_71.wav,rmn_e359_004.1-2_68.wav,1,Test1
rmn_e131a_6.1-2_65.wav,rmn_e613a_6.1-2_185.wav,1,Test1
rmn_e617a_12.1-2_218.wav,rmn_e019a_45.1-2_59.wav,0,Test1
rmn_e683b_7.1-2_854.wav,rmn_e001a_12.1-2_6.wav,0,Test1
426-004a.1-2_338.wav,rmn_e019b_73.1-2_21.wav,0,Test1
rmn_e456c_22.1-2_424.wav,rmn_e761_07b.1-2_502.wav,0,Test1
034-030.1-2_6.wav,rmn_e483b_19.1-2_251.wav,1,Test1
rmn_e019b_53.1-2_28.wav,033-062.1-2_31.wav,0,Test1
rmn_e017b_96.1-2_0.wav,rmn_e661b_9.1-2_95.wav,1,Test1
rmn_e018a_112.1-2_2794.wav,rmn_e308b_13.1-2_175.wav,1,Test1
rmn_e213_006.1-2_59.wav,rmn_e660a_8.1-2_173.wav,0,Test1
rmn_e013a_31.1-2_13.wav,rmn_e103b.1-2_1193.wav,0,Test1
rmn_e018c_93.1-2_147.wav,rmn_e018a_111.1-2_219.wav,0,Test1
rmn_e352_026b.1-2_164.wav,rmn_e004a_8.1-2_91.wav,0,Test1
rmn_e247a_4.1-2_128.wav,005-121.1-2_32.wav,1,Test1
154-003.1-2_19.wav,rmn_e005b_81.1-2_46.wav,0,Test1
rmn_e785_03.1-2_60.wav,rmn_e076a.1-2_437.wav,1,Test1
034-114.1-2_5.wav,rmn_e479b_4.1-2_511.wav,1,Test1
rmn_e018a_40.1-2_15.wav,rmn_e352_026b.1-2_44.wav,1,Test1
rmn_e018a_35.1-2_28.wav,761-007a.1-2_146.wav,1,Test1
rmn_e215_001.1-2_52.wav,rmn_e477c_11.1-2_183.wav,0,Test1
rmn_e649b_1.1-2_1178.wav,033-029.1-2_18.wav,0,Test1
009-019.1-2_6.wav,rmn_e003a_90.1-2_7.wav,0,Test1
rmn_e637a_6.1-2_34.wav,rmn_e561c_12.1-2_176.wav,0,Test1
004-017.1-2_2.wav,034-114.1-2_263.wav,1,Test1
rmn_e768_04b.1-2_152.wav,rmn_e016a_134.1-2_201.wav,0,Test1
rmn_e529c_23.1-2_273.wav,033-098.1-2_70.wav,0,Test1
rmn_e661a_1.1-2_453.wav,rmn_e768_22.1-2_4.wav,0,Test1
781-026.1-2_30.wav,rmn_e352_026b.1-2_164.wav,1,Test1
rmn_e206_007.1-2_34.wav,158-015.1-2_96.wav,1,Test1
rmn_e806_06b.1-2_25.wav,rmn_e655b_3.1-2_784.wav,0,Test1
rmn_e488a_6.1-2_147.wav,rmn_e644a_7.1-2_158.wav,0,Test1
rmn_e001c_153.1-2_274.wav,rmn_e001a_43.1-2_23.wav,0,Test1
rmn_e011c_141.1-2_213.wav,rmn_e018c_93.1-2_97.wav,1,Test1
rmn_e001a_43.1-2_4.wav,rmn_e024a_45.1-2_25.wav,1,Test1
rmn_e481a_7.1-2_1485.wav,rmn_e017b_76.1-2_10.wav,0,Test1
rmn_e001a_45.1-2_9.wav,rmn_e661b_9.1-2_2.wav,0,Test1
012-003.1-2_77.wav,rmn_e006a_37.1-2_8.wav,1,Test1
033-027.1-2_27.wav,rmn_e024a_97.1-2_56.wav,1,Test1
426-004a.1-2_203.wav,rmn_e659a_6.1-2_26.wav,0,Test1
rmn_e802_09.1-2_149.wav,rmn_e019a_15.1-2_5.wav,0,Test1
781-026.1-2_30.wav,033-098.1-2_13.wav,1,Test1
rmn_e478b_7.1-2_648.wav,rmn_e739b.1-2_1415.wav,0,Test1
rmn_e213_006.1-2_48.wav,rmn_e281a_70.1-2_151.wav,1,Test1
rmn_e503a_6.1-2_403.wav,rmn_e001a_34.1-2_31.wav,0,Test1
rmn_e615a_8.1-2_379.wav,rmn_e001b_112.1-2_8.wav,0,Test1
rmn_e308b_13.1-2_742.wav,rmn_e001a_45.1-2_9.wav,1,Test1
rmn_e022a_4.1-2_14.wav,rmn_e490b_22.1-2_180.wav,0,Test1
rmn_e010b_116.1-2_18.wav,rmn_e377_07.1-2_99.wav,1,Test1
rmn_e019a_15.1-2_5.wav,rmn_e151_003.1-2_58.wav,1,Test1
rmn_e579a_3.1-2_758.wav,rmn_e359_004.1-2_68.wav,1,Test1
rmn_e524b_22.1-2_78.wav,rmn_e019a_45.1-2_68.wav,0,Test1
rmn_e761_07b.1-2_558.wav,rmn_e659c_23.1-2_367.wav,1,Test1
rmn_e008b_72.1-2_12.wav,rmn_e025c_112.1-2_3.wav,0,Test1
rmn_e136a_9.1-2_64.wav,rmn_e031_087.1-2_20.wav,0,Test1
rmn_e011b_103.1-2_161.wav,rmn_e332b_35.1-2_956.wav,0,Test1
012-003.1-2_63.wav,rmn_e018a_112.1-2_84.wav,1,Test1
388-003.1-2_12.wav,rmn_e488b_15.1-2_742.wav,1,Test1
rmn_e011c_156.1-2_11.wav,rmn_e019a_15.1-2_61.wav,0,Test1
rmn_e635a_6.1-2_517.wav,036-035.1-2_15.wav,0,Test1
034-128.1-2_13.wav,rmn_e529c_23.1-2_259.wav,1,Test1
rmn_e001a_34.1-2_25.wav,rmn_e660a_8.1-2_1726.wav,0,Test1
rmn_e659c_23.1-2_399.wav,rmn_e500b_25.1-2_68.wav,1,Test1
rmn_e018c_113.1-2_445.wav,rmn_e312a_14.1-2_21.wav,0,Test1
rmn_e018a_23.1-2_16.wav,rmn_e482a_30.1-2_403.wav,1,Test1
rmn_e019a_45.1-2_57.wav,rmn_e658a_3.1-2_412.wav,1,Test1
rmn_e003a_46.1-2_0.wav,012-003.1-2_63.wav,0,Test1
rmn_e613a_6.1-2_185.wav,rmn_e620c_14.1-2_190.wav,0,Test1
rmn_e661b_9.1-2_83.wav,rmn_e013a_12.1-2_44.wav,1,Test1
rmn_e601b_17.1-2_71.wav,rmn_e694a_2.1-2_263.wav,0,Test1
rmn_e018a_112.1-2_651.wav,rmn_e001a_45.1-2_9.wav,1,Test1
rmn_e579b_11.1-2_47.wav,rmn_e016b_88.1-2_25.wav,0,Test1
rmn_e359_009.1-2_58.wav,rmn_e352_002.1-2_48.wav,1,Test1
rmn_e031_087.1-2_20.wav,rmn_e333b_24.1-2_21.wav,1,Test1
rmn_e681a_2.1-2_1383.wav,rmn_e002a_52.1-2_20.wav,1,Test1
154-003.1-2_100.wav,rmn_e018a_111.1-2_158.wav,0,Test1
rmn_e578b_5.1-2_986.wav,rmn_e013b_73.1-2_17.wav,0,Test1
rmn_e206_007.1-2_34.wav,rmn_e003a_97.1-2_34.wav,1,Test1
158-015.1-2_20.wav,rmn_e613a_6.1-2_372.wav,1,Test1
rmn_e018a_35.1-2_28.wav,rmn_e004b_99.1-2_76.wav,1,Test1
rmn_e655b_3.1-2_784.wav,rmn_e002a_30.1-2_1.wav,1,Test1
rmn_e136a_9.1-2_15.wav,rmn_e712a.1-2_370.wav,1,Test1
rmn_e712a.1-2_232.wav,rmn_e691a_7.1-2_420.wav,0,Test1
rmn_e477c_11.1-2_183.wav,rmn_e017b_70.1-2_15.wav,0,Test1
rmn_e465b_8.1-2_1778.wav,033-088.1-2_1.wav,0,Test1
rmn_e099c.1-2_1698.wav,rmn_e017b_86.1-2_9.wav,0,Test1
rmn_e004a_8.1-2_97.wav,rmn_e655b_3.1-2_784.wav,0,Test1
rmn_e206_007.1-2_34.wav,rmn_e665a_3.1-2_668.wav,1,Test1
034-114.1-2_298.wav,rmn_e655b_3.1-2_1162.wav,0,Test1
rmn_e014b_108.1-2_20.wav,rmn_e500c_29.1-2_248.wav,1,Test1
012-003.1-2_60.wav,rmn_e003c_203.1-2_7.wav,1,Test1
rmn_e018a_30.1-2_0.wav,rmn_e478b_7.1-2_648.wav,1,Test1
rmn_e131a_27.1-2_19.wav,rmn_e019a_15.1-2_5.wav,0,Test1
rmn_e332b_35.1-2_1442.wav,rmn_e019a_40.1-2_81.wav,1,Test1
rmn_e658a_3.1-2_412.wav,012-003.1-2_63.wav,0,Test1
145-017.1-2_9.wav,rmn_e655b_5.1-2_185.wav,0,Test1
rmn_e500b_25.1-2_68.wav,rmn_e528a_19.1-2_383.wav,0,Test1
rmn_e482a_30.1-2_1519.wav,033-062.1-2_62.wav,0,Test1
rmn_e647a_7.1-2_348.wav,rmn_e004b_60.1-2_16.wav,0,Test1
rmn_e001a_33.1-2_12.wav,rmn_e785_03.1-2_60.wav,0,Test1
rmn_e500b_25.1-2_329.wav,rmn_e785_03.1-2_61.wav,0,Test1
rmn_e019a_45.1-2_23.wav,rmn_e103b.1-2_749.wav,1,Test1
rmn_e599a_11.1-2_147.wav,rmn_e622a_15.1-2_114.wav,0,Test1
rmn_e783_15.1-2_2.wav,035-035.1-2_115.wav,1,Test1
rmn_e601b_17.1-2_59.wav,004-017.1-2_2.wav,0,Test1
rmn_e004b_38.1-2_30.wav,rmn_e147_006.1-2_60.wav,1,Test1
rmn_e213_006.1-2_48.wav,rmn_e273a_20.1-2_247.wav,1,Test1
033-029.1-2_18.wav,rmn_e014a_59.1-2_80.wav,1,Test1
rmn_e018c_101.1-2_11.wav,rmn_e516b_15.1-2_281.wav,0,Test1
rmn_e031_087.1-2_20.wav,rmn_e480b_10.1-2_24.wav,1,Test1
rmn_e138_003.1-2_4.wav,rmn_e516b_15.1-2_1989.wav,1,Test1
rmn_e024a_23.1-2_27.wav,rmn_e078a.1-2_1215.wav,1,Test1
rmn_e352_002.1-2_7.wav,761-007a.1-2_6.wav,1,Test1
rmn_e001a_43.1-2_12.wav,rmn_e660a_8.1-2_500.wav,1,Test1
rmn_e018a_40.1-2_41.wav,rmn_e772_11.1-2_467.wav,1,Test1
rmn_e579a_3.1-2_896.wav,rmn_e621c_43.1-2_56.wav,1,Test1
rmn_e015a_74.1-2_45.wav,rmn_e505a_4.1-2_680.wav,1,Test1
rmn_e688c_18.1-2_374.wav,rmn_e103b.1-2_1193.wav,0,Test1
rmn_e011b_105.1-2_40.wav,rmn_e002a_52.1-2_60.wav,1,Test1
rmn_e001a_15.1-2_32.wav,rmn_e018a_111.1-2_219.wav,0,Test1
rmn_e481a_7.1-2_1408.wav,034-114.1-2_23.wav,1,Test1
rmn_e479c_7.1-2_342.wav,rmn_e260b_21.1-2_149.wav,1,Test1
rmn_e031_087.1-2_94.wav,033-098.1-2_107.wav,1,Test1
rmn_e140_029.1-2_15.wav,rmn_e004b_96.1-2_6.wav,0,Test1
rmn_e476c_14.1-2_693.wav,rmn_e018a_51.1-2_15.wav,0,Test1
033-027.1-2_8.wav,rmn_e507a_4.1-2_1.wav,1,Test1
rmn_e014a_59.1-2_59.wav,rmn_e281a_70.1-2_267.wav,1,Test1
rmn_e018a_111.1-2_140.wav,rmn_e012c.1-2_143.wav,0,Test1
rmn_e018a_50.1-2_9.wav,rmn_e465b_8.1-2_320.wav,1,Test1
rmn_e465a_8.1-2_461.wav,rmn_e493a_10.1-2_208.wav,1,Test1
rmn_e469a_1.1-2_11.wav,rmn_e018a_31.1-2_19.wav,1,Test1
rmn_e691a_7.1-2_260.wav,rmn_e213_006.1-2_48.wav,0,Test1
rmn_e031_087.1-2_61.wav,rmn_e359_004.1-2_68.wav,1,Test1
rmn_e643b_13.1-2_94.wav,rmn_e685a_22.1-2_1275.wav,0,Test1
rmn_e002a_28.1-2_19.wav,rmn_e003c_191.1-2_11.wav,1,Test1
rmn_e750_01.1-2_299.wav,036-035.1-2_88.wav,1,Test1
rmn_e627a_9.1-2_141.wav,rmn_e015a_74.1-2_54.wav,1,Test1
rmn_e504c_15.1-2_1424.wav,034-114.1-2_23.wav,1,Test1
rmn_e797_12.1-2_62.wav,rmn_e024a_93.1-2_16.wav,1,Test1
rmn_e017b_76.1-2_10.wav,rmn_e649b_1.1-2_36.wav,1,Test1
rmn_e735d.1-2_158.wav,rmn_e002a_45.1-2_26.wav,0,Test1
rmn_e011a_18.1-2_41.wav,rmn_e802_09.1-2_115.wav,1,Test1
rmn_e121b.1-2_122.wav,rmn_e147_006.1-2_47.wav,1,Test1
rmn_e778_05.1-2_133.wav,rmn_e797_12.1-2_62.wav,0,Test1
rmn_e476a_8.1-2_425.wav,rmn_e031_089.1-2_1.wav,0,Test1
rmn_e206_007.1-2_34.wav,035-035.1-2_188.wav,1,Test1
rmn_e642b_10.1-2_29.wav,rmn_e532a_8.1-2_41.wav,0,Test1
rmn_e622a_15.1-2_1396.wav,rmn_e477b_2.1-2_252.wav,1,Test1
rmn_e024a_97.1-2_74.wav,017-121.1-2_24.wav,0,Test1
154-003.1-2_75.wav,rmn_e001a_4.1-2_46.wav,0,Test1
761-007a.1-2_219.wav,145-017.1-2_9.wav,1,Test1
rmn_e018c_97.1-2_35.wav,rmn_e016a_16.1-2_15.wav,0,Test1
rmn_e018a_112.1-2_325.wav,rmn_e735d.1-2_10.wav,1,Test1
034-114.1-2_286.wav,rmn_e493b_20.1-2_75.wav,0,Test1
rmn_e222_013.1-2_225.wav,388-003.1-2_12.wav,0,Test1
rmn_e032_160.1-2_1.wav,rmn_e694a_3.1-2_353.wav,1,Test1
034-114.1-2_23.wav,rmn_e768_04b.1-2_285.wav,0,Test1
rmn_e578b_5.1-2_986.wav,rmn_e015c_153.1-2_79.wav,0,Test1
rmn_e001a_12.1-2_85.wav,rmn_e003a_90.1-2_7.wav,0,Test1
rmn_e018a_112.1-2_157.wav,rmn_e009b_86.1-2_31.wav,0,Test1
rmn_e516b_15.1-2_1543.wav,rmn_e001b_111.1-2_0.wav,0,Test1
rmn_e026a_55.1-2_22.wav,426-004a.1-2_292.wav,1,Test1
rmn_e018a_111.1-2_140.wav,rmn_e016a_134.1-2_201.wav,0,Test1
rmn_e222_013.1-2_60.wav,rmn_e331a_13.1-2_130.wav,0,Test1
rmn_e018c_91.1-2_128.wav,rmn_e516b_15.1-2_233.wav,1,Test1
rmn_e004a_8.1-2_53.wav,761-007a.1-2_146.wav,1,Test1
rmn_e332a_22.1-2_1391.wav,033-029.1-2_18.wav,0,Test1
rmn_e602b_6.1-2_287.wav,rmn_e017b_70.1-2_15.wav,0,Test1
rmn_e013a_12.1-2_44.wav,rmn_e018a_50.1-2_9.wav,0,Test1
005-121.1-2_32.wav,rmn_e686a_4.1-2_91.wav,0,Test1
034-114.1-2_286.wav,rmn_e019a_40.1-2_155.wav,0,Test1
rmn_e001c_153.1-2_198.wav,rmn_e031_092.1-2_23.wav,0,Test1
rmn_e011b_103.1-2_144.wav,rmn_e022a_4.1-2_14.wav,1,Test1
rmn_e496a_9.1-2_123.wav,rmn_e613a_6.1-2_372.wav,1,Test1
034-114.1-2_205.wav,rmn_e027_18.1-2_0.wav,0,Test1
rmn_e001a_31.1-2_11.wav,rmn_e017a_5.1-2_109.wav,0,Test1
rmn_e017b_86.1-2_9.wav,rmn_e584a_3.1-2_1915.wav,1,Test1
rmn_e685a_22.1-2_1275.wav,rmn_e281a_26.1-2_279.wav,1,Test1
rmn_e797_12.1-2_62.wav,rmn_e685a_22.1-2_2347.wav,1,Test1
rmn_e516b_15.1-2_226.wav,rmn_e652a_11.1-2_90.wav,0,Test1
rmn_e147_004.1-2_175.wav,rmn_e602b_6.1-2_278.wav,1,Test1
rmn_e001c_153.1-2_322.wav,rmn_e524b_27.1-2_100.wav,1,Test1
035-035.1-2_114.wav,rmn_e016c_131.1-2_274.wav,0,Test1
rmn_e809_02a.1-2_413.wav,rmn_e017b_94.1-2_12.wav,0,Test1
rmn_e581b_11.1-2_146.wav,rmn_e329b_37.1-2_0.wav,1,Test1
rmn_e661b_2.1-2_317.wav,rmn_e015a_74.1-2_132.wav,0,Test1
033-098.1-2_96.wav,rmn_e004a_17.1-2_7.wav,0,Test1
rmn_e483b_19.1-2_251.wav,012-003.1-2_60.wav,0,Test1
rmn_e024a_45.1-2_42.wav,rmn_e352_026b.1-2_339.wav,0,Test1
017-121.1-2_24.wav,035-035.1-2_176.wav,1,Test1
rmn_e018a_111.1-2_158.wav,rmn_e326a_8.1-2_332.wav,1,Test1
rmn_e018a_112.1-2_565.wav,rmn_e131b_29.1-2_0.wav,1,Test1
rmn_e019a_45.1-2_68.wav,rmn_e001a_35.1-2_14.wav,1,Test1
033-088.1-2_1.wav,rmn_e479b_3.1-2_478.wav,1,Test1
rmn_e513b_9.1-2_413.wav,rmn_e785_03.1-2_60.wav,0,Test1
rmn_e529c_23.1-2_762.wav,rmn_e005b_109.1-2_13.wav,0,Test1
033-062.1-2_62.wav,rmn_e018a_112.1-2_749.wav,1,Test1
156-018.1-2_31.wav,rmn_e352_026b.1-2_286.wav,0,Test1
rmn_e688a_4.1-2_334.wav,rmn_e016a_134.1-2_198.wav,0,Test1
rmn_e013a_12.1-2_16.wav,rmn_e772_11.1-2_87.wav,1,Test1
rmn_e016a_16.1-2_15.wav,rmn_e011a_73.1-2_22.wav,1,Test1
034-114.1-2_145.wav,rmn_e616a_9.1-2_642.wav,1,Test1
rmn_e067b.1-2_471.wav,rmn_e001a_43.1-2_33.wav,0,Test1
rmn_e018c_91.1-2_151.wav,rmn_e325b_10.1-2_131.wav,0,Test1
rmn_e018a_111.1-2_33.wav,rmn_e005b_109.1-2_62.wav,1,Test1
rmn_e015b_76.1-2_6.wav,rmn_e001c_153.1-2_322.wav,0,Test1
rmn_e788_12.1-2_209.wav,rmn_e516b_10.1-2_721.wav,0,Test1
rmn_e019a_45.1-2_18.wav,rmn_e746_17a.1-2_135.wav,1,Test1
rmn_e001a_17.1-2_28.wav,rmn_e482a_30.1-2_403.wav,1,Test1
rmn_e024a_97.1-2_56.wav,761-007a.1-2_256.wav,0,Test1
rmn_e320a_16.1-2_30.wav,rmn_e746_17a.1-2_57.wav,0,Test1
rmn_e013a_12.1-2_44.wav,rmn_e015b_82.1-2_51.wav,0,Test1
rmn_e001a_34.1-2_55.wav,rmn_e003c_191.1-2_49.wav,1,Test1
rmn_e322b_39.1-2_15.wav,rmn_e352_026b.1-2_339.wav,0,Test1
rmn_e002a_45.1-2_26.wav,rmn_e005a_59.1-2_78.wav,1,Test1
rmn_e688a_4.1-2_791.wav,rmn_e017b_94.1-2_12.wav,0,Test1
rmn_e069b.1-2_281.wav,rmn_e011b_103.1-2_161.wav,1,Test1
rmn_e685a_22.1-2_996.wav,rmn_e017b_76.1-2_16.wav,0,Test1
rmn_e004b_46.1-2_45.wav,rmn_e352_026b.1-2_44.wav,1,Test1
033-112.1-2_0.wav,rmn_e652b_17.1-2_237.wav,0,Test1
rmn_e275a_8.1-2_11.wav,034-030.1-2_6.wav,0,Test1
rmn_e019a_45.1-2_23.wav,rmn_e681a_2.1-2_832.wav,1,Test1
rmn_e312b_21.1-2_680.wav,034-030.1-2_24.wav,1,Test1
rmn_e015b_76.1-2_6.wav,rmn_e005b_81.1-2_19.wav,0,Test1
rmn_e018c_101.1-2_11.wav,rmn_e016b_88.1-2_25.wav,0,Test1
rmn_e504c_15.1-2_826.wav,rmn_e504c_15.1-2_1424.wav,0,Test1
rmn_e655a_3.1-2_754.wav,rmn_e214_003.1-2_34.wav,1,Test1
426-004a.1-2_50.wav,rmn_e785_03.1-2_22.wav,0,Test1
rmn_e493b_15.1-2_259.wav,rmn_e117a.1-2_2018.wav,0,Test1
rmn_e661a_1.1-2_9.wav,034-114.1-2_46.wav,0,Test1
rmn_e005b_131.1-2_31.wav,rmn_e652b_17.1-2_237.wav,0,Test1
156-018.1-2_51.wav,rmn_e004b_102.1-2_42.wav,0,Test1
rmn_e359_009.1-2_13.wav,rmn_e024a_78.1-2_10.wav,0,Test1
rmn_e001a_41.1-2_11.wav,033-088.1-2_1.wav,0,Test1
rmn_e352_026b.1-2_339.wav,rmn_e688c_18.1-2_600.wav,1,Test1
rmn_e016a_16.1-2_15.wav,rmn_e516b_15.1-2_1789.wav,1,Test1
rmn_e018a_40.1-2_18.wav,rmn_e019a_40.1-2_149.wav,1,Test1
rmn_e665b_3.1-2_657.wav,rmn_e298b_32.1-2_850.wav,0,Test1
rmn_e325a_10.1-2_281.wav,rmn_e017b_70.1-2_15.wav,0,Test1
rmn_e778_17.1-2_159.wav,034-114.1-2_47.wav,1,Test1
rmn_e214_003.1-2_34.wav,rmn_e016b_88.1-2_25.wav,0,Test1
rmn_e273a_20.1-2_395.wav,rmn_e643a_9.1-2_234.wav,0,Test1
761-007a.1-2_243.wav,rmn_e665b_3.1-2_1096.wav,1,Test1
rmn_e685a_22.1-2_2107.wav,rmn_e649b_1.1-2_733.wav,1,Test1
rmn_e193c_28.1-2_72.wav,rmn_e012c.1-2_143.wav,0,Test1
rmn_e017b_76.1-2_2.wav,rmn_e661b_9.1-2_390.wav,1,Test1
rmn_e067b.1-2_791.wav,036-035.1-2_88.wav,1,Test1
rmn_e017b_76.1-2_2.wav,034-114.1-2_286.wav,1,Test1
rmn_e001a_12.1-2_6.wav,rmn_e536a_4.1-2_95.wav,1,Test1
034-030.1-2_60.wav,rmn_e001a_4.1-2_8.wav,1,Test1
rmn_e024a_38.1-2_33.wav,rmn_e017a_5.1-2_90.wav,1,Test1
rmn_e014a_59.1-2_8.wav,rmn_e024a_83.1-2_22.wav,1,Test1
rmn_e469a_13.1-2_606.wav,rmn_e138_003.1-2_4.wav,0,Test1
rmn_e001a_4.1-2_42.wav,rmn_e018b_89.1-2_85.wav,1,Test1
rmn_e001a_12.1-2_37.wav,rmn_e004b_96.1-2_6.wav,0,Test1
rmn_e007b_165.1-2_489.wav,rmn_e024a_23.1-2_27.wav,0,Test1
rmn_e147_004.1-2_392.wav,rmn_e352_026b.1-2_44.wav,1,Test1
rmn_e500c_29.1-2_248.wav,rmn_e121c.1-2_315.wav,0,Test1
035-035.1-2_12.wav,rmn_e479b_3.1-2_286.wav,1,Test1
rmn_e018a_112.1-2_325.wav,rmn_e004b_96.1-2_15.wav,1,Test1
140-058.1-2_26.wav,rmn_e488b_15.1-2_227.wav,1,Test1
rmn_e785_03.1-2_60.wav,rmn_e479c_7.1-2_1163.wav,1,Test1
rmn_e500b_25.1-2_18.wav,rmn_e016b_88.1-2_25.wav,0,Test1
rmn_e668b_13.1-2_52.wav,rmn_e018a_40.1-2_36.wav,0,Test1
rmn_e509a_2.1-2_44.wav,034-030.1-2_6.wav,0,Test1
rmn_e660a_8.1-2_1348.wav,rmn_e001a_34.1-2_45.wav,1,Test1
rmn_e004a_8.1-2_41.wav,rmn_e024a_38.1-2_33.wav,0,Test1
rmn_e491c_34.1-2_6.wav,rmn_e599a_11.1-2_149.wav,0,Test1
rmn_e685a_22.1-2_1332.wav,rmn_e017b_96.1-2_0.wav,0,Test1
rmn_e685a_22.1-2_913.wav,rmn_e001c_153.1-2_229.wav,1,Test1
rmn_e692b_7.1-2_167.wav,rmn_e643b_13.1-2_936.wav,1,Test1
rmn_e199_003.1-2_5.wav,rmn_e013a_29.1-2_26.wav,0,Test1
rmn_e677a_4.1-2_556.wav,rmn_e004a_17.1-2_8.wav,1,Test1
rmn_e018a_112.1-2_2085.wav,rmn_e138_003.1-2_4.wav,0,Test1
rmn_e008a_7.1-2_4.wav,rmn_e665a_3.1-2_668.wav,1,Test1
rmn_e014b_109.1-2_2.wav,rmn_e004b_104.1-2_25.wav,0,Test1
rmn_e597b_3.1-2_400.wav,rmn_e644a_7.1-2_158.wav,0,Test1
rmn_e018c_113.1-2_535.wav,rmn_e024a_5.1-2_1.wav,0,Test1
rmn_e493b_15.1-2_259.wav,rmn_e006b_153.1-2_8.wav,0,Test1
rmn_e018a_112.1-2_325.wav,rmn_e675b_14.1-2_549.wav,1,Test1
rmn_e681a_2.1-2_561.wav,017-121.1-2_24.wav,0,Test1
rmn_e002a_37.1-2_53.wav,rmn_e018a_111.1-2_65.wav,1,Test1
rmn_e018c_113.1-2_335.wav,rmn_e665b_8.1-2_1926.wav,0,Test1
rmn_e359_009.1-2_58.wav,rmn_e011b_103.1-2_33.wav,1,Test1
rmn_e013a_29.1-2_26.wav,rmn_e661b_9.1-2_60.wav,1,Test1
rmn_e789_06a.1-2_129.wav,rmn_e076a.1-2_377.wav,1,Test1
rmn_e017b_78.1-2_29.wav,761-007a.1-2_20.wav,1,Test1
rmn_e504c_15.1-2_1424.wav,rmn_e131b_29.1-2_0.wav,1,Test1
034-114.1-2_38.wav,rmn_e001a_34.1-2_47.wav,0,Test1
rmn_e015a_74.1-2_132.wav,rmn_e005b_81.1-2_31.wav,1,Test1
rmn_e735d.1-2_158.wav,rmn_e018c_113.1-2_696.wav,0,Test1
rmn_e785_03.1-2_60.wav,rmn_e019a_40.1-2_85.wav,1,Test1
rmn_e018a_112.1-2_2794.wav,rmn_e088b.1-2_423.wav,1,Test1
rmn_e761_07b.1-2_562.wav,rmn_e017b_91.1-2_31.wav,0,Test1
rmn_e014a_10.1-2_0.wav,rmn_e781_30.1-2_46.wav,1,Test1
rmn_e532b_27.1-2_265.wav,rmn_e103b.1-2_83.wav,0,Test1
034-030.1-2_6.wav,rmn_e255b_38.1-2_435.wav,1,Test1
rmn_e660a_8.1-2_140.wav,rmn_e661b_2.1-2_317.wav,1,Test1
034-114.1-2_298.wav,rmn_e665b_8.1-2_2196.wav,0,Test1
rmn_e490c_24.1-2_93.wav,rmn_e018c_93.1-2_107.wav,1,Test1
rmn_e482a_30.1-2_1055.wav,033-062.1-2_62.wav,0,Test1
rmn_e527c_16.1-2_490.wav,rmn_e756_01.1-2_247.wav,0,Test1
rmn_e665b_8.1-2_1734.wav,rmn_e031_087.1-2_20.wav,0,Test1
rmn_e031_087.1-2_20.wav,156-018.1-2_30.wav,1,Test1
rmn_e140_029.1-2_113.wav,rmn_e013b_83.1-2_108.wav,0,Test1
rmn_e635a_6.1-2_335.wav,rmn_e003a_90.1-2_7.wav,0,Test1
rmn_e579a_3.1-2_706.wav,rmn_e761_07b.1-2_503.wav,0,Test1
rmn_e476c_14.1-2_1001.wav,rmn_e331a_13.1-2_218.wav,1,Test1
rmn_e516a_14.1-2_134.wav,rmn_e018a_112.1-2_1519.wav,0,Test1
426-004a.1-2_412.wav,rmn_e131a_23.1-2_5.wav,0,Test1
rmn_e643a_9.1-2_234.wav,rmn_e484c_13.1-2_69.wav,1,Test1
156-018.1-2_31.wav,rmn_e019a_45.1-2_50.wav,0,Test1
rmn_e031_118.1-2_16.wav,rmn_e003a_27.1-2_19.wav,1,Test1
rmn_e783_09.1-2_9.wav,rmn_e516b_15.1-2_410.wav,1,Test1
rmn_e213_006.1-2_59.wav,035-035.1-2_246.wav,0,Test1
rmn_e273a_20.1-2_247.wav,rmn_e003c_203.1-2_29.wav,0,Test1
rmn_e018a_40.1-2_21.wav,rmn_e694a_3.1-2_109.wav,1,Test1
rmn_e685a_22.1-2_2749.wav,rmn_e761_07b.1-2_438.wav,1,Test1
rmn_e017b_91.1-2_31.wav,rmn_e031_087.1-2_82.wav,1,Test1
rmn_e340a_15.1-2_132.wav,rmn_e017b_76.1-2_19.wav,0,Test1
rmn_e516b_15.1-2_281.wav,rmn_e018a_31.1-2_19.wav,1,Test1
rmn_e681a_2.1-2_2823.wav,rmn_e002b_71.1-2_73.wav,0,Test1
rmn_e004b_38.1-2_9.wav,rmn_e018c_113.1-2_464.wav,1,Test1
rmn_e031_005.1-2_49.wav,017-121.1-2_24.wav,0,Test1
rmn_e004a_8.1-2_41.wav,rmn_e018a_111.1-2_33.wav,0,Test1
rmn_e004a_8.1-2_53.wav,rmn_e496a_9.1-2_340.wav,1,Test1
rmn_e318a_22.1-2_4.wav,145-017.1-2_9.wav,1,Test1
rmn_e655b_5.1-2_306.wav,rmn_e031_089.1-2_1.wav,0,Test1
781-026.1-2_30.wav,rmn_e012c.1-2_180.wav,1,Test1
rmn_e352_026b.1-2_164.wav,rmn_e739b.1-2_825.wav,0,Test1
rmn_e138_003.1-2_4.wav,rmn_e478b_7.1-2_263.wav,1,Test1
rmn_e688c_18.1-2_353.wav,rmn_e031_087.1-2_61.wav,0,Test1
rmn_e476a_7.1-2_145.wav,rmn_e019c_175.1-2_38.wav,0,Test1
rmn_e042b_92.1-2_0.wav,rmn_e493b_15.1-2_259.wav,1,Test1
rmn_e189a_3.1-2_3.wav,rmn_e601b_12.1-2_153.wav,1,Test1
rmn_e726b.1-2_268.wav,rmn_e761_07b.1-2_502.wav,0,Test1
rmn_e018a_107.1-2_41.wav,034-114.1-2_206.wav,1,Test1
034-030.1-2_6.wav,rmn_e018a_112.1-2_1176.wav,1,Test1
rmn_e605a_9.1-2_635.wav,rmn_e797_12.1-2_62.wav,0,Test1
rmn_e601b_33.1-2_171.wav,rmn_e652b_17.1-2_71.wav,1,Test1
rmn_e655b_3.1-2_819.wav,rmn_e454b_9.1-2_618.wav,1,Test1
rmn_e018a_111.1-2_158.wav,rmn_e643a_9.1-2_1202.wav,1,Test1
rmn_e532a_8.1-2_41.wav,rmn_e008b_93.1-2_69.wav,1,Test1
rmn_e516b_15.1-2_1226.wav,rmn_e477c_11.1-2_183.wav,0,Test1
rmn_e018c_93.1-2_91.wav,rmn_e011a_18.1-2_41.wav,0,Test1
rmn_e017b_70.1-2_15.wav,rmn_e513a_4.1-2_318.wav,1,Test1
034-114.1-2_329.wav,rmn_e019a_45.1-2_68.wav,0,Test1
rmn_e012c.1-2_143.wav,rmn_e534c_11.1-2_157.wav,1,Test1
rmn_e017b_86.1-2_5.wav,rmn_e001a_16.1-2_27.wav,1,Test1
rmn_e024a_106.1-2_43.wav,rmn_e516b_15.1-2_909.wav,0,Test1
rmn_e007c_120.1-2_10.wav,rmn_e001a_15.1-2_44.wav,0,Test1
rmn_e476c_14.1-2_589.wav,rmn_e661b_2.1-2_309.wav,0,Test1
rmn_e172a_9.1-2_99.wav,rmn_e532a_8.1-2_41.wav,0,Test1
rmn_e213_016.1-2_72.wav,rmn_e299a_9.1-2_13.wav,0,Test1
rmn_e660c_21.1-2_108.wav,rmn_e024a_97.1-2_37.wav,0,Test1
rmn_e021c.1-2_41.wav,rmn_e704a.1-2_144.wav,1,Test1
rmn_e015b_76.1-2_6.wav,rmn_e465a_8.1-2_446.wav,0,Test1
rmn_e668b_13.1-2_101.wav,rmn_e005b_117.1-2_45.wav,1,Test1
rmn_e014b_77.1-2_0.wav,rmn_e670b_13.1-2_1100.wav,1,Test1
rmn_e206_007.1-2_453.wav,rmn_e660a_8.1-2_1348.wav,0,Test1
rmn_e247a_4.1-2_796.wav,rmn_e454b_9.1-2_659.wav,1,Test1
rmn_e013a_22.1-2_2.wav,rmn_e264b_5.1-2_851.wav,0,Test1
033-062.1-2_27.wav,rmn_e683b_7.1-2_593.wav,1,Test1
rmn_e019b_73.1-2_21.wav,rmn_e003a_97.1-2_34.wav,1,Test1
rmn_e655a_3.1-2_636.wav,rmn_e031_092.1-2_8.wav,0,Test1
rmn_e666c_11.1-2_22.wav,rmn_e189a_3.1-2_3.wav,0,Test1
rmn_e772_11.1-2_467.wav,rmn_e352_026b.1-2_339.wav,0,Test1
rmn_e688c_18.1-2_374.wav,rmn_e017b_81.1-2_5.wav,0,Test1
rmn_e522b_11.1-2_99.wav,rmn_e140_010.1-2_47.wav,1,Test1
rmn_e019a_15.1-2_61.wav,rmn_e487b_5.1-2_9.wav,1,Test1
rmn_e516b_10.1-2_743.wav,rmn_e322a_14.1-2_511.wav,1,Test1
rmn_e661a_1.1-2_453.wav,rmn_e601b_33.1-2_171.wav,0,Test1
rmn_e004a_17.1-2_8.wav,rmn_e268a_5.1-2_1328.wav,0,Test1
rmn_e688c_18.1-2_59.wav,rmn_e015c_153.1-2_95.wav,0,Test1
rmn_e001b_105.1-2_22.wav,rmn_e007b_70.1-2_15.wav,1,Test1
rmn_e576a_6.1-2_1400.wav,rmn_e147_006.1-2_47.wav,1,Test1
rmn_e018a_112.1-2_1519.wav,rmn_e018c_113.1-2_647.wav,1,Test1
rmn_e772_11.1-2_467.wav,rmn_e456a_5.1-2_787.wav,0,Test1
rmn_e660a_8.1-2_1810.wav,rmn_e018a_35.1-2_28.wav,0,Test1
034-030.1-2_6.wav,rmn_e327b_8.1-2_711.wav,1,Test1
034-030.1-2_92.wav,rmn_e752_13.1-2_51.wav,1,Test1
rmn_e017b_86.1-2_5.wav,034-114.1-2_178.wav,1,Test1
rmn_e001a_12.1-2_72.wav,rmn_e649b_1.1-2_448.wav,1,Test1
rmn_e622a_15.1-2_90.wav,rmn_e018a_111.1-2_33.wav,0,Test1
rmn_e593a_i.1-2_15.wav,rmn_e661b_9.1-2_257.wav,1,Test1
rmn_e017b_76.1-2_19.wav,rmn_e031_148.1-2_4.wav,1,Test1
rmn_e695a_2.1-2_321.wav,rmn_e352_026b.1-2_44.wav,1,Test1
rmn_e627a_9.1-2_141.wav,813-028.1-2_32.wav,1,Test1
rmn_e597b_3.1-2_320.wav,rmn_e018a_111.1-2_158.wav,0,Test1
rmn_e001a_16.1-2_38.wav,rmn_e014a_10.1-2_0.wav,0,Test1
rmn_e579a_3.1-2_581.wav,rmn_e001a_12.1-2_72.wav,0,Test1
rmn_e456b_12.1-2_243.wav,156-018.1-2_51.wav,1,Test1
rmn_e516b_15.1-2_60.wav,rmn_e015a_36.1-2_19.wav,0,Test1
rmn_e484b_13.1-2_281.wav,rmn_e188a_14.1-2_233.wav,0,Test1
rmn_e007b_112.1-2_32.wav,rmn_e103b.1-2_1193.wav,0,Test1
035-035.1-2_20.wav,rmn_e493b_15.1-2_259.wav,1,Test1
rmn_e001a_35.1-2_31.wav,rmn_e482a_30.1-2_1703.wav,1,Test1
rmn_e103b.1-2_1197.wav,rmn_e031_112.1-2_7.wav,1,Test1
rmn_e131a_1.1-2_29.wav,rmn_e011a_18.1-2_41.wav,0,Test1
rmn_e756_01.1-2_247.wav,rmn_e140_029.1-2_15.wav,1,Test1
rmn_e268a_5.1-2_1328.wav,035-035.1-2_171.wav,1,Test1
rmn_e484a_2.1-2_1121.wav,rmn_e022a_4.1-2_14.wav,1,Test1
rmn_e479c_7.1-2_928.wav,rmn_e697b_29.1-2_279.wav,1,Test1
034-114.1-2_6.wav,033-007.1-2_93.wav,0,Test1
rmn_e017b_94.1-2_12.wav,rmn_e661a_1.1-2_453.wav,1,Test1
rmn_e670b_13.1-2_1100.wav,rmn_e004b_99.1-2_58.wav,0,Test1
rmn_e661b_9.1-2_83.wav,rmn_e752_13.1-2_227.wav,1,Test1
rmn_e131a_23.1-2_27.wav,rmn_e001a_15.1-2_6.wav,0,Test1
rmn_e018b_76.1-2_247.wav,034-114.1-2_23.wav,1,Test1
rmn_e017b_76.1-2_16.wav,rmn_e712a.1-2_449.wav,1,Test1
rmn_e001b_108.1-2_37.wav,rmn_e005b_131.1-2_31.wav,1,Test1
rmn_e004b_38.1-2_9.wav,rmn_e723a.1-2_1628.wav,1,Test1
rmn_e484b_13.1-2_98.wav,rmn_e067b.1-2_207.wav,0,Test1
rmn_e001b_105.1-2_8.wav,rmn_e467a_22.1-2_1.wav,1,Test1
033-062.1-2_62.wav,rmn_e015a_22.1-2_4.wav,1,Test1
rmn_e001b_105.1-2_22.wav,rmn_e516b_15.1-2_526.wav,1,Test1
rmn_e018a_5.1-2_1.wav,rmn_e761_07b.1-2_395.wav,1,Test1
rmn_e017b_70.1-2_15.wav,rmn_e148_016.1-2_25.wav,1,Test1
761-007a.1-2_208.wav,rmn_e531a_16.1-2_416.wav,1,Test1
rmn_e001a_12.1-2_17.wav,rmn_e643b_13.1-2_94.wav,1,Test1
rmn_e147_006.1-2_32.wav,rmn_e003b_149.1-2_7.wav,1,Test1
rmn_e756_01.1-2_131.wav,rmn_e017b_91.1-2_31.wav,0,Test1
rmn_e019a_45.1-2_23.wav,rmn_e675b_14.1-2_549.wav,1,Test1
rmn_e683b_7.1-2_741.wav,rmn_e359_009.1-2_58.wav,0,Test1
rmn_e001a_12.1-2_43.wav,rmn_e103b.1-2_935.wav,1,Test1
rmn_e613a_6.1-2_1045.wav,rmn_e131a_23.1-2_68.wav,0,Test1
rmn_e694a_3.1-2_175.wav,rmn_e487b_13.1-2_8.wav,0,Test1
013-077.1-2_9.wav,rmn_e018a_112.1-2_325.wav,0,Test1
rmn_e778_17.1-2_159.wav,rmn_e001a_45.1-2_30.wav,1,Test1
005-121.1-2_10.wav,rmn_e018a_54.1-2_30.wav,1,Test1
rmn_e683b_7.1-2_739.wav,rmn_e024a_38.1-2_33.wav,0,Test1
033-062.1-2_62.wav,rmn_e527c_12.1-2_534.wav,1,Test1
rmn_e516b_15.1-2_562.wav,rmn_e490c_24.1-2_1889.wav,0,Test1
rmn_e320a_5.1-2_46.wav,rmn_e298b_32.1-2_850.wav,0,Test1
rmn_e008a_10.1-2_15.wav,rmn_e022c_131.1-2_166.wav,1,Test1
rmn_e001c_136.1-2_16.wav,rmn_e016c_131.1-2_274.wav,0,Test1
140-058.1-2_26.wav,rmn_e322a_14.1-2_511.wav,1,Test1
rmn_e746_17a.1-2_125.wav,rmn_e003c_178.1-2_74.wav,0,Test1
034-030.1-2_87.wav,rmn_e746_17a.1-2_57.wav,0,Test1
371-019b.1-2_61.wav,rmn_e359_009.1-2_267.wav,1,Test1
rmn_e482b_22.1-2_205.wav,rmn_e017b_78.1-2_29.wav,0,Test1
rmn_e016a_16.1-2_15.wav,rmn_e643a_9.1-2_830.wav,1,Test1
rmn_e018a_112.1-2_308.wav,rmn_e655b_5.1-2_245.wav,1,Test1
rmn_e788_18a.1-2_236.wav,rmn_e024a_97.1-2_56.wav,1,Test1
rmn_e016a_134.1-2_198.wav,rmn_e140_027.1-2_25.wav,1,Test1
rmn_e496a_9.1-2_123.wav,rmn_e018a_30.1-2_0.wav,0,Test1
rmn_e001b_53.1-2_60.wav,rmn_e675b_14.1-2_84.wav,0,Test1
rmn_e008b_93.1-2_28.wav,rmn_e147_004.1-2_203.wav,1,Test1
rmn_e003c_203.1-2_42.wav,rmn_e247a_4.1-2_448.wav,1,Test1
154-003.1-2_148.wav,rmn_e477b_2.1-2_212.wav,1,Test1
rmn_e017b_76.1-2_2.wav,rmn_e131b_29.1-2_0.wav,1,Test1
rmn_e022c_131.1-2_166.wav,rmn_e012c.1-2_164.wav,0,Test1
rmn_e010b_118.1-2_0.wav,rmn_e018a_40.1-2_41.wav,0,Test1
rmn_e005b_109.1-2_62.wav,rmn_e138_003.1-2_4.wav,0,Test1
rmn_e768_14.1-2_14.wav,rmn_e002b_71.1-2_73.wav,0,Test1
rmn_e019b_53.1-2_34.wav,rmn_e484b_13.1-2_69.wav,1,Test1
rmn_e018a_40.1-2_18.wav,rmn_e626a_7.1-2_487.wav,1,Test1
rmn_e298b_32.1-2_850.wav,rmn_e154_009.1-2_31.wav,1,Test1
rmn_e477b_2.1-2_252.wav,rmn_e013a_29.1-2_26.wav,0,Test1
rmn_e768_22.1-2_299.wav,rmn_e532b_27.1-2_265.wav,1,Test1
rmn_e008b_72.1-2_12.wav,rmn_e213_006.1-2_48.wav,0,Test1
033-098.1-2_84.wav,rmn_e655a_3.1-2_309.wav,0,Test1
rmn_e018a_111.1-2_158.wav,rmn_e479c_7.1-2_797.wav,1,Test1
034-114.1-2_286.wav,015-080.1-2_254.wav,0,Test1
rmn_e668b_13.1-2_172.wav,rmn_e016b_84.1-2_12.wav,0,Test1
rmn_e649a_1.1-2_1087.wav,rmn_e031_087.1-2_20.wav,0,Test1
rmn_e017b_86.1-2_5.wav,rmn_e019a_40.1-2_12.wav,1,Test1
rmn_e542b_5.1-2_828.wav,154-003.1-2_148.wav,0,Test1
033-062.1-2_62.wav,rmn_e268a_5.1-2_1852.wav,1,Test1
rmn_e746_17b.1-2_125.wav,rmn_e018a_112.1-2_157.wav,1,Test1
rmn_e017b_86.1-2_9.wav,rmn_e007b_70.1-2_15.wav,1,Test1
034-114.1-2_5.wav,rmn_e493b_15.1-2_259.wav,1,Test1
rmn_e018a_40.1-2_21.wav,rmn_e761_07b.1-2_81.wav,1,Test1
rmn_e008a_7.1-2_4.wav,rmn_e019c_175.1-2_33.wav,1,Test1
rmn_e018c_113.1-2_299.wav,rmn_e617a_12.1-2_545.wav,1,Test1
rmn_e189a_3.1-2_3.wav,rmn_e694a_3.1-2_112.wav,1,Test1
rmn_e017b_76.1-2_19.wav,rmn_e527c_12.1-2_204.wav,1,Test1
rmn_e312b_26.1-2_23.wav,rmn_e014a_10.1-2_0.wav,0,Test1
rmn_e593a_i.1-2_15.wav,rmn_e756_01.1-2_124.wav,1,Test1
rmn_e133b_20.1-2_59.wav,rmn_e020a_35.1-2_1.wav,1,Test1
rmn_e503a_6.1-2_410.wav,rmn_e613a_6.1-2_502.wav,1,Test1
rmn_e516b_15.1-2_233.wav,rmn_e019a_40.1-2_86.wav,0,Test1
rmn_e746_17a.1-2_57.wav,rmn_e647a_7.1-2_383.wav,1,Test1
rmn_e455c_22.1-2_60.wav,017-121.1-2_24.wav,0,Test1
rmn_e011a_18.1-2_41.wav,rmn_e479b_3.1-2_44.wav,1,Test1
426-004a.1-2_50.wav,rmn_e018a_40.1-2_42.wav,0,Test1
rmn_e528a_19.1-2_305.wav,rmn_e752_13.1-2_114.wav,0,Test1
rmn_e516b_15.1-2_562.wav,rmn_e018a_40.1-2_21.wav,0,Test1
rmn_e661b_2.1-2_317.wav,rmn_e001b_119.1-2_61.wav,0,Test1
rmn_e584a_3.1-2_448.wav,rmn_e017b_76.1-2_19.wav,0,Test1
rmn_e739b.1-2_620.wav,rmn_e527c_16.1-2_490.wav,1,Test1
rmn_e015a_74.1-2_6.wav,rmn_e529c_23.1-2_762.wav,1,Test1
rmn_e516b_15.1-2_1246.wav,rmn_e001a_12.1-2_6.wav,0,Test1
rmn_e001c_153.1-2_20.wav,rmn_e001b_112.1-2_8.wav,0,Test1
rmn_e622a_15.1-2_664.wav,rmn_e788_18a.1-2_22.wav,0,Test1
rmn_e018a_112.1-2_1519.wav,rmn_e273c_51.1-2_96.wav,1,Test1
rmn_e011b_131.1-2_21.wav,032-001.1-2_61.wav,1,Test1
rmn_e329b_42.1-2_736.wav,rmn_e001a_12.1-2_6.wav,0,Test1
rmn_e599a_11.1-2_149.wav,rmn_e613a_6.1-2_502.wav,1,Test1
rmn_e018a_111.1-2_219.wav,rmn_e465a_8.1-2_2234.wav,1,Test1
rmn_e024a_83.1-2_19.wav,rmn_e014a_10.1-2_0.wav,0,Test1
154-003.1-2_163.wav,rmn_e500b_25.1-2_285.wav,0,Test1
rmn_e017b_76.1-2_2.wav,rmn_e207_006.1-2_46.wav,1,Test1
rmn_e018a_35.1-2_15.wav,rmn_e532a_8.1-2_41.wav,0,Test1
rmn_e593a_i.1-2_15.wav,rmn_e001a_41.1-2_11.wav,1,Test1
rmn_e660a_8.1-2_1726.wav,rmn_e005b_131.1-2_31.wav,1,Test1
rmn_e723a.1-2_571.wav,rmn_e011b_105.1-2_40.wav,0,Test1
rmn_e018a_111.1-2_33.wav,rmn_e613a_6.1-2_502.wav,1,Test1
rmn_e018a_112.1-2_629.wav,rmn_e001a_15.1-2_33.wav,1,Test1
rmn_e665b_3.1-2_657.wav,rmn_e021c.1-2_41.wav,0,Test1
rmn_e756_01.1-2_166.wav,034-114.1-2_139.wav,0,Test1
rmn_e268a_5.1-2_1852.wav,rmn_e067b.1-2_113.wav,0,Test1
